timestamp,actual_TCP_pose_0,actual_TCP_pose_1,actual_TCP_pose_2,actual_TCP_pose_3,actual_TCP_pose_4,actual_TCP_pose_5
1462.744000,-0.199996,0.109995,0.199999,1.349913,2.819494,0.000116
1462.752000,-0.199996,0.109993,0.199993,1.349854,2.819498,0.000132
1462.776000,-0.200005,0.110002,0.200005,1.349876,2.819547,0.000132
1462.784000,-0.200007,0.110002,0.200019,1.350013,2.819530,0.000058
1462.792000,-0.199996,0.110002,0.199996,1.349926,2.819475,0.000166
1462.800000,-0.200011,0.110000,0.200009,1.349932,2.819532,0.000125
1462.808000,-0.200007,0.109989,0.200004,1.349849,2.819531,0.000091
1462.816000,-0.200010,0.109994,0.200012,1.349926,2.819565,0.000084
1462.824000,-0.200014,0.110001,0.200009,1.349953,2.819492,0.000124
1462.904000,-0.200284,0.109996,0.200018,1.350055,2.819666,-0.000041
1462.912000,-0.200340,0.110007,0.200026,1.350106,2.819688,-0.000036
1462.920000,-0.200385,0.109999,0.200006,1.350031,2.819663,0.000046
1462.928000,-0.200448,0.110001,0.200000,1.349991,2.819622,0.000041
1462.928000,-0.200448,0.110001,0.200000,1.349991,2.819622,0.000041
1462.944000,-0.200588,0.109995,0.199960,1.349927,2.819447,0.000175
1462.944000,-0.200588,0.109995,0.199960,1.349927,2.819447,0.000175
1462.960000,-0.200764,0.110004,0.199962,1.349905,2.819536,0.000360
1462.960000,-0.200764,0.110004,0.199962,1.349905,2.819536,0.000360
1462.976000,-0.200951,0.110014,0.199963,1.349986,2.819494,0.000394
1462.984000,-0.201062,0.110010,0.199964,1.349995,2.819476,0.000397
1462.992000,-0.201181,0.110016,0.199984,1.350076,2.819519,0.000334
1462.992000,-0.201181,0.110016,0.199984,1.350076,2.819519,0.000334
1463.008000,-0.201415,0.110000,0.199972,1.349929,2.819519,0.000390
1463.016000,-0.201532,0.110009,0.199975,1.350046,2.819462,0.000301
1463.024000,-0.201660,0.110012,0.199970,1.350086,2.819465,0.000362
1463.032000,-0.201800,0.110008,0.199978,1.350001,2.819503,0.000314
1463.040000,-0.201949,0.110001,0.199991,1.349975,2.819584,0.000301
1463.048000,-0.202077,0.110010,0.199982,1.350073,2.819488,0.000286
1463.056000,-0.202235,0.110004,0.199991,1.350043,2.819517,0.000288
1463.096000,-0.203037,0.110022,0.199992,1.350180,2.819390,0.000325
1463.096000,-0.203037,0.110022,0.199992,1.350180,2.819390,0.000325
1463.112000,-0.203387,0.110025,0.199991,1.350046,2.819419,0.000265
1463.112000,-0.203387,0.110025,0.199991,1.350046,2.819419,0.000265
1463.128000,-0.203751,0.110037,0.199990,1.350153,2.819391,0.000248
1463.128000,-0.203751,0.110037,0.199990,1.350153,2.819391,0.000248
1463.144000,-0.204150,0.110033,0.199993,1.350118,2.819413,0.000180
1463.144000,-0.204150,0.110033,0.199993,1.350118,2.819413,0.000180
1463.160000,-0.204558,0.110033,0.199978,1.350012,2.819374,0.000260
1463.160000,-0.204558,0.110033,0.199978,1.350012,2.819374,0.000260
1463.176000,-0.204989,0.110038,0.199996,1.350105,2.819405,0.000183
1463.176000,-0.204989,0.110038,0.199996,1.350105,2.819405,0.000183
1463.192000,-0.205441,0.110036,0.199990,1.349955,2.819404,0.000227
1463.192000,-0.205441,0.110036,0.199990,1.349955,2.819404,0.000227
1463.208000,-0.205903,0.110039,0.199994,1.349974,2.819411,0.000148
1463.216000,-0.206138,0.110051,0.199995,1.349997,2.819420,0.000161
1463.224000,-0.206394,0.110047,0.200005,1.349980,2.819477,0.000093
1463.232000,-0.206652,0.110050,0.200011,1.349860,2.819579,0.000046
1463.240000,-0.206914,0.110048,0.200011,1.349897,2.819576,0.000001
1463.248000,-0.207169,0.110058,0.200010,1.349943,2.819548,0.000031
1463.256000,-0.207428,0.110072,0.200018,1.350051,2.819516,0.000002
1463.264000,-0.207703,0.110066,0.200004,1.349969,2.819526,0.000090
1463.272000,-0.207979,0.110063,0.200011,1.349849,2.819627,0.000086
1463.280000,-0.208245,0.110073,0.200011,1.349784,2.819671,0.000123
1463.288000,-0.208530,0.110079,0.200006,1.349820,2.819624,0.000168
1463.296000,-0.208829,0.110079,0.200005,1.349823,2.819594,0.000170
1463.304000,-0.209122,0.110084,0.200023,1.349924,2.819637,0.000049
1463.312000,-0.209417,0.110084,0.200002,1.349800,2.819601,0.000117
1463.320000,-0.209709,0.110087,0.200001,1.349734,2.819598,0.000103
1463.328000,-0.210022,0.110084,0.199994,1.349691,2.819602,0.000096
1463.336000,-0.210326,0.110093,0.200000,1.349822,2.819576,0.000032
1463.344000,-0.210643,0.110098,0.199995,1.349805,2.819549,0.000058
1463.352000,-0.210963,0.110101,0.199978,1.349701,2.819510,0.000183
1463.360000,-0.211302,0.110099,0.199985,1.349622,2.819570,0.000168
1463.360000,-0.211302,0.110099,0.199985,1.349622,2.819570,0.000168
1463.368000,-0.211640,0.110116,0.200009,1.349759,2.819648,0.000112
1463.376000,-0.211969,0.110110,0.199997,1.349697,2.819612,0.000138
1463.392000,-0.212663,0.110137,0.199997,1.349740,2.819632,0.000255
1463.392000,-0.212663,0.110137,0.199997,1.349740,2.819632,0.000255
1463.408000,-0.213396,0.110139,0.200030,1.349855,2.819716,0.000098
1463.416000,-0.213756,0.110143,0.200014,1.349839,2.819646,0.000130
1463.424000,-0.214120,0.110151,0.200018,1.349744,2.819714,0.000112
1463.432000,-0.214490,0.110152,0.200024,1.349792,2.819692,0.000027
1463.440000,-0.214866,0.110163,0.200027,1.349858,2.819665,0.000043
1463.448000,-0.215251,0.110166,0.200029,1.349802,2.819728,-0.000026
1463.456000,-0.215629,0.110178,0.200023,1.349842,2.819647,0.000056
1463.456000,-0.215629,0.110178,0.200023,1.349842,2.819647,0.000056
1463.456000,-0.215629,0.110178,0.200023,1.349842,2.819647,0.000056
1463.456000,-0.215629,0.110178,0.200023,1.349842,2.819647,0.000056
1463.480000,-0.216751,0.110208,0.200013,1.349866,2.819634,0.000133
1463.480000,-0.216751,0.110208,0.200013,1.349866,2.819634,0.000133
1463.496000,-0.217497,0.110216,0.200004,1.349825,2.819610,0.000223
1463.512000,-0.218246,0.110228,0.199998,1.349893,2.819505,0.000185
1463.520000,-0.218608,0.110241,0.200010,1.349914,2.819554,0.000143
1463.528000,-0.218976,0.110240,0.199998,1.349758,2.819539,0.000182
1463.536000,-0.219337,0.110256,0.199987,1.349964,2.819368,0.000229
1463.544000,-0.219717,0.110248,0.199997,1.349846,2.819520,0.000164
1463.552000,-0.220089,0.110265,0.199996,1.349847,2.819531,0.000236
1463.560000,-0.220447,0.110281,0.199981,1.349836,2.819470,0.000258
1463.560000,-0.220447,0.110281,0.199981,1.349836,2.819470,0.000258
1463.576000,-0.221170,0.110292,0.199991,1.349928,2.819461,0.000233
1463.584000,-0.221535,0.110286,0.199999,1.349772,2.819577,0.000182
1463.592000,-0.221900,0.110304,0.199992,1.349875,2.819539,0.000214
1463.600000,-0.222254,0.110311,0.199984,1.349956,2.819453,0.000162
1463.608000,-0.222595,0.110321,0.199971,1.349945,2.819392,0.000228
1463.616000,-0.222963,0.110323,0.199973,1.349979,2.819382,0.000160
1463.624000,-0.223323,0.110328,0.199981,1.349843,2.819495,0.000167
1463.632000,-0.223688,0.110334,0.199996,1.349908,2.819511,0.000133
1463.640000,-0.224016,0.110347,0.199969,1.349937,2.819359,0.000248
1463.648000,-0.224369,0.110364,0.199975,1.349976,2.819406,0.000223
1463.656000,-0.224724,0.110375,0.199985,1.349953,2.819452,0.000238
1463.664000,-0.225078,0.110365,0.199987,1.349897,2.819515,0.000214
1463.672000,-0.225414,0.110382,0.199986,1.350008,2.819449,0.000181
1463.680000,-0.225766,0.110388,0.200003,1.350050,2.819501,0.000173
1463.688000,-0.226115,0.110404,0.200008,1.349976,2.819572,0.000188
1463.696000,-0.226452,0.110400,0.199993,1.349964,2.819465,0.000119
1463.704000,-0.226801,0.110411,0.200008,1.350030,2.819480,0.000129
1463.712000,-0.227135,0.110419,0.200002,1.349993,2.819494,0.000110
1463.720000,-0.227481,0.110430,0.200017,1.349924,2.819574,0.000118
1463.728000,-0.227822,0.110433,0.200011,1.349927,2.819542,0.000118
1463.736000,-0.228154,0.110446,0.200020,1.350015,2.819518,0.000126
1463.744000,-0.228499,0.110457,0.200020,1.350082,2.819533,0.000136
1463.752000,-0.228838,0.110453,0.200019,1.349829,2.819660,0.000152
1463.760000,-0.229170,0.110465,0.200002,1.349843,2.819564,0.000149
1463.768000,-0.229506,0.110480,0.200027,1.349996,2.819588,0.000041
1463.776000,-0.229844,0.110482,0.200014,1.349935,2.819598,0.000075
1463.784000,-0.230173,0.110502,0.200009,1.349911,2.819592,0.000064
1463.792000,-0.230522,0.110509,0.200024,1.349944,2.819671,0.000083
1463.800000,-0.230861,0.110508,0.200028,1.349951,2.819693,0.000025
1463.808000,-0.231199,0.110520,0.200050,1.349878,2.819805,-0.000050
1463.816000,-0.231513,0.110544,0.200029,1.349989,2.819697,0.000133
1463.824000,-0.231841,0.110540,0.200015,1.349967,2.819655,0.000108
1463.832000,-0.232163,0.110555,0.200034,1.349983,2.819696,0.000074
1463.840000,-0.232482,0.110566,0.200022,1.349893,2.819684,0.000090
1463.848000,-0.232807,0.110571,0.200012,1.349904,2.819626,0.000147
1463.856000,-0.233130,0.110584,0.200008,1.349940,2.819580,0.000105
1463.864000,-0.233447,0.110582,0.199995,1.349770,2.819572,0.000103
1463.872000,-0.233758,0.110592,0.200002,1.349723,2.819612,0.000154
1463.880000,-0.234074,0.110602,0.199985,1.349795,2.819507,0.000203
1463.888000,-0.234385,0.110622,0.200005,1.349912,2.819540,0.000122
1463.896000,-0.234701,0.110623,0.199997,1.349730,2.819645,0.000215
1463.904000,-0.235017,0.110648,0.200022,1.349797,2.819703,0.000132
1463.912000,-0.235327,0.110647,0.200011,1.349814,2.819659,0.000158
1463.912000,-0.235327,0.110647,0.200011,1.349814,2.819659,0.000158
1463.928000,-0.235947,0.110673,0.200029,1.349812,2.819705,0.000066
1463.936000,-0.236255,0.110688,0.200022,1.349878,2.819631,0.000074
1463.944000,-0.236577,0.110683,0.200034,1.349942,2.819684,0.000020
1463.952000,-0.236866,0.110697,0.200012,1.349844,2.819613,0.000060
1463.960000,-0.237166,0.110716,0.200013,1.349808,2.819630,0.000059
1463.968000,-0.237465,0.110727,0.199999,1.349870,2.819547,0.000118
1463.976000,-0.237772,0.110742,0.200000,1.349888,2.819503,0.000184
1463.976000,-0.237772,0.110742,0.200000,1.349888,2.819503,0.000184
1463.992000,-0.238376,0.110770,0.200018,1.349805,2.819687,0.000171
1463.992000,-0.238376,0.110770,0.200018,1.349805,2.819687,0.000171
1464.008000,-0.238977,0.110793,0.200028,1.349888,2.819656,0.000105
1464.016000,-0.239291,0.110785,0.200035,1.349753,2.819769,0.000032
1464.024000,-0.239580,0.110809,0.200030,1.349877,2.819685,0.000092
1464.032000,-0.239873,0.110827,0.200020,1.349911,2.819586,0.000065
1464.040000,-0.240168,0.110837,0.200016,1.349800,2.819621,0.000140
1464.048000,-0.240462,0.110855,0.200025,1.349931,2.819596,0.000075
1464.056000,-0.240762,0.110865,0.200032,1.349865,2.819682,0.000101
1464.064000,-0.241043,0.110877,0.200002,1.349787,2.819565,0.000166
1464.072000,-0.241343,0.110888,0.200031,1.349771,2.819710,0.000094
1464.080000,-0.241638,0.110903,0.200035,1.349907,2.819651,0.000113
1464.088000,-0.241937,0.110919,0.200063,1.349894,2.819801,0.000058
1464.096000,-0.242221,0.110928,0.200049,1.349860,2.819735,0.000074
1464.104000,-0.242490,0.110947,0.200025,1.349894,2.819636,0.000132
1464.112000,-0.242767,0.110968,0.200013,1.349897,2.819606,0.000174
1464.120000,-0.243053,0.110972,0.199997,1.349794,2.819566,0.000215
1464.128000,-0.243344,0.110991,0.200006,1.349974,2.819511,0.000175
1464.136000,-0.243632,0.110999,0.200016,1.349926,2.819589,0.000077
1464.144000,-0.243900,0.111020,0.200006,1.349870,2.819563,0.000135
1464.152000,-0.244179,0.111039,0.200005,1.349937,2.819579,0.000147
1464.160000,-0.244449,0.111048,0.199991,1.349938,2.819496,0.000164
1464.160000,-0.244449,0.111048,0.199991,1.349938,2.819496,0.000164
1464.176000,-0.244999,0.111074,0.199984,1.349823,2.819523,0.000207
1464.176000,-0.244999,0.111074,0.199984,1.349823,2.819523,0.000207
1464.192000,-0.245536,0.111117,0.199996,1.349814,2.819601,0.000203
1464.192000,-0.245536,0.111117,0.199996,1.349814,2.819601,0.000203
1464.208000,-0.246082,0.111144,0.200011,1.349994,2.819595,0.000134
1464.216000,-0.246350,0.111169,0.200017,1.349923,2.819624,0.000117
1464.224000,-0.246621,0.111179,0.199999,1.349851,2.819606,0.000176
1464.232000,-0.246888,0.111197,0.199983,1.349873,2.819524,0.000184
1464.240000,-0.247162,0.111206,0.199993,1.349749,2.819573,0.000193
1464.248000,-0.247429,0.111228,0.199999,1.349781,2.819601,0.000145
1464.256000,-0.247700,0.111250,0.200010,1.349923,2.819599,0.000123
1464.264000,-0.247958,0.111255,0.199999,1.349725,2.819619,0.000114
1464.272000,-0.248220,0.111280,0.200018,1.349871,2.819628,0.000085
1464.280000,-0.248487,0.111293,0.200028,1.349869,2.819672,0.000080
1464.288000,-0.248752,0.111320,0.200021,1.349832,2.819683,0.000105
1464.296000,-0.249011,0.111335,0.200019,1.349848,2.819676,0.000108
1464.304000,-0.249247,0.111362,0.200023,1.350023,2.819571,0.000127
1464.312000,-0.249496,0.111378,0.200011,1.349879,2.819575,0.000194
1464.320000,-0.249765,0.111405,0.200017,1.349929,2.819641,0.000154
1464.328000,-0.250021,0.111407,0.200016,1.349932,2.819563,0.000190
1464.336000,-0.250264,0.111430,0.200023,1.349811,2.819617,0.000174
1464.344000,-0.250511,0.111447,0.200013,1.349889,2.819606,0.000119
1464.352000,-0.250754,0.111483,0.200000,1.350019,2.819448,0.000185
1464.360000,-0.250997,0.111495,0.199986,1.349785,2.819484,0.000301
1464.368000,-0.251257,0.111512,0.200006,1.349853,2.819585,0.000131
1464.376000,-0.251498,0.111528,0.199981,1.349799,2.819474,0.000247
1464.376000,-0.251498,0.111528,0.199981,1.349799,2.819474,0.000247
1464.392000,-0.251988,0.111565,0.200002,1.349721,2.819575,0.000086
1464.392000,-0.251988,0.111565,0.200002,1.349721,2.819575,0.000086
1464.408000,-0.252476,0.111613,0.200029,1.349810,2.819643,0.000143
1464.416000,-0.252715,0.111644,0.200033,1.349829,2.819683,0.000112
1464.424000,-0.252942,0.111668,0.200005,1.349911,2.819554,0.000239
1464.456000,-0.253909,0.111748,0.199998,1.349786,2.819520,0.000169
1464.456000,-0.253909,0.111748,0.199998,1.349786,2.819520,0.000169
1464.472000,-0.254348,0.111815,0.199968,1.349956,2.819316,0.000322
1464.472000,-0.254348,0.111815,0.199968,1.349956,2.819316,0.000322
1464.488000,-0.254803,0.111878,0.199971,1.349998,2.819280,0.000359
1464.496000,-0.255045,0.111897,0.199969,1.349958,2.819284,0.000310
1464.504000,-0.255279,0.111917,0.199988,1.349857,2.819423,0.000272
1464.512000,-0.255510,0.111945,0.200007,1.350038,2.819458,0.000196
1464.520000,-0.255724,0.111974,0.200003,1.349930,2.819451,0.000238
1464.528000,-0.255948,0.112019,0.199996,1.350004,2.819393,0.000297
1464.536000,-0.256165,0.112042,0.199998,1.350061,2.819381,0.000250
1464.544000,-0.256391,0.112079,0.200000,1.349976,2.819465,0.000202
1464.552000,-0.256614,0.112104,0.199998,1.350058,2.819380,0.000237
1464.560000,-0.256828,0.112134,0.199992,1.349972,2.819374,0.000230
1464.560000,-0.256828,0.112134,0.199992,1.349972,2.819374,0.000230
1464.576000,-0.257268,0.112199,0.199999,1.350067,2.819404,0.000228
1464.576000,-0.257268,0.112199,0.199999,1.350067,2.819404,0.000228
1464.592000,-0.257690,0.112253,0.199993,1.350048,2.819369,0.000267
1464.592000,-0.257690,0.112253,0.199993,1.350048,2.819369,0.000267
1464.608000,-0.258091,0.112325,0.199941,1.349852,2.819263,0.000448
1464.616000,-0.258308,0.112366,0.199951,1.350076,2.819212,0.000352
1464.624000,-0.258517,0.112412,0.199970,1.349945,2.819330,0.000337
1464.632000,-0.258722,0.112437,0.199962,1.349984,2.819283,0.000340
1464.640000,-0.258927,0.112475,0.199968,1.350033,2.819298,0.000319
1464.648000,-0.259140,0.112501,0.199977,1.349942,2.819416,0.000273
1464.656000,-0.259342,0.112553,0.199987,1.350082,2.819363,0.000225
1464.664000,-0.259541,0.112583,0.199977,1.349915,2.819403,0.000276
1464.664000,-0.259541,0.112583,0.199977,1.349915,2.819403,0.000276
1464.680000,-0.259943,0.112655,0.199986,1.349900,2.819416,0.000238
1464.688000,-0.260147,0.112693,0.199983,1.349893,2.819403,0.000232
1464.696000,-0.260344,0.112738,0.199957,1.349925,2.819341,0.000266
1464.704000,-0.260547,0.112769,0.199967,1.349838,2.819421,0.000286
1464.712000,-0.260741,0.112821,0.199965,1.350055,2.819313,0.000314
1464.720000,-0.260934,0.112869,0.199949,1.349943,2.819296,0.000363
1464.728000,-0.261118,0.112912,0.199931,1.349930,2.819225,0.000480
1464.736000,-0.261326,0.112950,0.199944,1.349885,2.819261,0.000390
1464.744000,-0.261531,0.112990,0.199958,1.349946,2.819306,0.000303
1464.752000,-0.261718,0.113037,0.199956,1.350037,2.819236,0.000304
1464.760000,-0.261908,0.113090,0.199975,1.350010,2.819352,0.000259
1464.768000,-0.262114,0.113109,0.199974,1.349977,2.819371,0.000221
1464.776000,-0.262304,0.113169,0.199997,1.350009,2.819442,0.000207
1464.784000,-0.262493,0.113214,0.199994,1.350008,2.819438,0.000193
1464.792000,-0.262666,0.113256,0.199976,1.349954,2.819365,0.000200
1464.800000,-0.262858,0.113318,0.199993,1.350025,2.819434,0.000197
1464.808000,-0.263040,0.113365,0.199975,1.350029,2.819351,0.000212
1464.816000,-0.263235,0.113398,0.199982,1.349886,2.819446,0.000199
1464.824000,-0.263412,0.113462,0.199992,1.349982,2.819431,0.000285
1464.832000,-0.263600,0.113513,0.199981,1.349860,2.819478,0.000336
1464.840000,-0.263769,0.113572,0.199988,1.349948,2.819446,0.000271
1464.848000,-0.263956,0.113618,0.199983,1.349927,2.819445,0.000281
1464.856000,-0.264132,0.113676,0.199982,1.350005,2.819392,0.000274
1464.864000,-0.264308,0.113719,0.199973,1.349851,2.819416,0.000249
1464.872000,-0.264502,0.113773,0.199984,1.349901,2.819436,0.000243
1464.880000,-0.264665,0.113844,0.199969,1.349957,2.819333,0.000275
1464.888000,-0.264837,0.113889,0.199958,1.349810,2.819371,0.000259
1464.896000,-0.265015,0.113951,0.199949,1.349919,2.819296,0.000276
1464.904000,-0.265181,0.114006,0.199941,1.349864,2.819312,0.000328
1464.912000,-0.265361,0.114066,0.199955,1.349895,2.819331,0.000247
1464.920000,-0.265544,0.114130,0.199959,1.349896,2.819375,0.000240
1464.928000,-0.265706,0.114199,0.199975,1.350042,2.819378,0.000196
1464.928000,-0.265706,0.114199,0.199975,1.350042,2.819378,0.000196
1464.936000,-0.265888,0.114263,0.199977,1.349983,2.819472,0.000299
1464.952000,-0.266228,0.114395,0.199984,1.350009,2.819437,0.000174
1464.960000,-0.266383,0.114463,0.199981,1.349993,2.819447,0.000217
1464.968000,-0.266553,0.114523,0.199985,1.350007,2.819474,0.000136
1464.976000,-0.266708,0.114603,0.199969,1.349967,2.819434,0.000259
1464.984000,-0.266869,0.114680,0.199976,1.350033,2.819437,0.000177
1464.992000,-0.267035,0.114740,0.199963,1.349960,2.819414,0.000217
1465.000000,-0.267189,0.114811,0.199945,1.349993,2.819352,0.000209
1465.008000,-0.267358,0.114893,0.199955,1.349983,2.819419,0.000210
1465.016000,-0.267524,0.114965,0.199940,1.349986,2.819378,0.000217
1465.024000,-0.267686,0.115042,0.199949,1.349935,2.819445,0.000253
1465.032000,-0.267851,0.115120,0.199956,1.349936,2.819489,0.000246
1465.040000,-0.268017,0.115201,0.199959,1.350027,2.819461,0.000197
1465.048000,-0.268174,0.115278,0.199945,1.349965,2.819457,0.000220
1465.056000,-0.268329,0.115364,0.199948,1.349956,2.819482,0.000187
1465.056000,-0.268329,0.115364,0.199948,1.349956,2.819482,0.000187
1465.072000,-0.268634,0.115532,0.199944,1.349968,2.819458,0.000160
1465.080000,-0.268806,0.115622,0.199973,1.349864,2.819629,0.000121
1465.088000,-0.268969,0.115705,0.199995,1.349956,2.819691,0.000034
1465.096000,-0.269114,0.115803,0.199982,1.349934,2.819642,0.000114
1465.104000,-0.269266,0.115894,0.200002,1.350041,2.819690,0.000051
1465.112000,-0.269424,0.115987,0.199999,1.350048,2.819659,0.000048
1465.112000,-0.269424,0.115987,0.199999,1.350048,2.819659,0.000048
1465.128000,-0.269730,0.116177,0.199997,1.350044,2.819689,0.000073
1465.136000,-0.269884,0.116276,0.199988,1.350014,2.819626,0.000143
1465.144000,-0.270038,0.116373,0.199984,1.349929,2.819659,0.000064
1465.152000,-0.270191,0.116481,0.199997,1.350056,2.819662,0.000023
1465.160000,-0.270349,0.116581,0.200005,1.349914,2.819754,0.000047
1465.168000,-0.270486,0.116695,0.199990,1.349953,2.819613,0.000063
1465.176000,-0.270646,0.116800,0.199981,1.349963,2.819590,0.000135
1465.184000,-0.270789,0.116910,0.199980,1.349950,2.819646,0.000144
1465.192000,-0.270926,0.117030,0.199972,1.349980,2.819578,0.000238
1465.200000,-0.271092,0.117120,0.199973,1.349879,2.819624,0.000176
1465.208000,-0.271234,0.117239,0.199953,1.349934,2.819472,0.000276
1465.216000,-0.271386,0.117352,0.199958,1.349915,2.819558,0.000184
1465.224000,-0.271542,0.117468,0.199961,1.349912,2.819549,0.000188
1465.232000,-0.271701,0.117583,0.199959,1.349849,2.819544,0.000207
1465.240000,-0.271860,0.117699,0.199986,1.349942,2.819607,0.000076
1465.248000,-0.272011,0.117840,0.199983,1.349964,2.819645,0.000082
1465.256000,-0.272155,0.117965,0.199984,1.349980,2.819590,0.000150
1465.264000,-0.272291,0.118097,0.199966,1.349939,2.819543,0.000251
1465.272000,-0.272460,0.118220,0.199973,1.349980,2.819582,0.000149
1465.280000,-0.272607,0.118354,0.199979,1.349935,2.819615,0.000220
1465.288000,-0.272765,0.118493,0.199997,1.349971,2.819639,0.000107
1465.296000,-0.272914,0.118622,0.199975,1.349868,2.819637,0.000114
1465.304000,-0.273063,0.118772,0.199972,1.349982,2.819523,0.000146
1465.312000,-0.273216,0.118917,0.199969,1.350027,2.819485,0.000173
1465.320000,-0.273377,0.119064,0.199956,1.350009,2.819483,0.000173
1465.328000,-0.273529,0.119213,0.199944,1.349991,2.819443,0.000239
1465.336000,-0.273693,0.119364,0.199961,1.349936,2.819496,0.000215
1465.344000,-0.273863,0.119519,0.199953,1.349920,2.819545,0.000243
1465.352000,-0.274021,0.119685,0.199965,1.350004,2.819542,0.000254
1465.360000,-0.274185,0.119841,0.199966,1.350045,2.819493,0.000285
1465.368000,-0.274361,0.120003,0.199987,1.350073,2.819633,0.000161
1465.376000,-0.274532,0.120146,0.199997,1.350090,2.819619,0.000036
1465.384000,-0.274685,0.120323,0.200001,1.350162,2.819548,0.000091
1465.392000,-0.274852,0.120488,0.200002,1.350165,2.819591,0.000035
1465.400000,-0.275008,0.120667,0.200003,1.350187,2.819590,0.000143
1465.408000,-0.275165,0.120845,0.199991,1.350136,2.819520,0.000151
1465.416000,-0.275353,0.121003,0.199998,1.350107,2.819626,0.000106
1465.424000,-0.275520,0.121190,0.200003,1.350158,2.819639,0.000073
1465.432000,-0.275685,0.121374,0.199989,1.350046,2.819573,0.000135
1465.440000,-0.275866,0.121558,0.199988,1.350084,2.819603,0.000135
1465.448000,-0.276039,0.121748,0.199991,1.350095,2.819618,0.000091
1465.456000,-0.276223,0.121941,0.200000,1.350017,2.819666,0.000154
1465.464000,-0.276403,0.122136,0.199981,1.350055,2.819606,0.000146
1465.472000,-0.276568,0.122338,0.199968,1.349982,2.819581,0.000170
1465.480000,-0.276760,0.122533,0.199987,1.349878,2.819657,0.000099
1465.488000,-0.276930,0.122751,0.199978,1.349959,2.819643,0.000112
1465.496000,-0.277132,0.122953,0.199993,1.349948,2.819703,0.000084
1465.504000,-0.277315,0.123169,0.199986,1.349869,2.819704,0.000132
1465.512000,-0.277521,0.123372,0.200012,1.349927,2.819816,0.000054
1465.520000,-0.277718,0.123587,0.200007,1.349952,2.819775,0.000036
1465.528000,-0.277897,0.123808,0.199989,1.349955,2.819684,0.000054
1465.536000,-0.278084,0.124040,0.199970,1.350128,2.819560,0.000044
1465.536000,-0.278084,0.124040,0.199970,1.350128,2.819560,0.000044
1465.544000,-0.278299,0.124257,0.199981,1.350058,2.819584,0.000093
1465.560000,-0.278723,0.124721,0.199977,1.349935,2.819657,0.000149
1465.568000,-0.278933,0.124960,0.199976,1.349973,2.819640,0.000130
1465.568000,-0.278933,0.124960,0.199976,1.349973,2.819640,0.000130
1465.568000,-0.278933,0.124960,0.199976,1.349973,2.819640,0.000130
1465.568000,-0.278933,0.124960,0.199976,1.349973,2.819640,0.000130
1465.568000,-0.278933,0.124960,0.199976,1.349973,2.819640,0.000130
1465.568000,-0.278933,0.124960,0.199976,1.349973,2.819640,0.000130
1465.568000,-0.278933,0.124960,0.199976,1.349973,2.819640,0.000130
1465.568000,-0.278933,0.124960,0.199976,1.349973,2.819640,0.000130
1465.616000,-0.280329,0.126423,0.199986,1.349983,2.819658,0.000136
1465.616000,-0.280329,0.126423,0.199986,1.349983,2.819658,0.000136
1465.648000,-0.281292,0.127409,0.200005,1.350024,2.819669,0.000013
1465.656000,-0.281531,0.127649,0.199989,1.349957,2.819605,0.000007
1465.664000,-0.281758,0.127898,0.199964,1.349847,2.819587,0.000189
1465.672000,-0.282012,0.128152,0.199990,1.349952,2.819625,0.000177
1465.680000,-0.282239,0.128401,0.199957,1.349895,2.819497,0.000163
1465.688000,-0.282482,0.128642,0.199965,1.349924,2.819507,0.000129
1465.696000,-0.282732,0.128900,0.199951,1.349865,2.819462,0.000148
1465.704000,-0.282985,0.129149,0.199949,1.349835,2.819477,0.000185
1465.712000,-0.283256,0.129408,0.199964,1.349853,2.819599,0.000269
1465.720000,-0.283501,0.129665,0.199942,1.349946,2.819436,0.000234
1465.728000,-0.283777,0.129918,0.199945,1.349899,2.819459,0.000169
1465.736000,-0.284053,0.130183,0.199959,1.349989,2.819464,0.000158
1465.744000,-0.284351,0.130438,0.199964,1.350000,2.819481,0.000120
1465.752000,-0.284637,0.130709,0.199974,1.350122,2.819510,0.000107
1465.760000,-0.284920,0.130968,0.199961,1.350069,2.819481,0.000193
1465.768000,-0.285222,0.131220,0.199968,1.350086,2.819464,0.000092
1465.776000,-0.285509,0.131498,0.199950,1.350106,2.819410,0.000111
1465.784000,-0.285822,0.131754,0.199950,1.350072,2.819417,0.000110
1465.808000,-0.286752,0.132552,0.199963,1.350004,2.819516,0.000235
1465.816000,-0.287065,0.132837,0.199968,1.350112,2.819475,0.000201
1465.824000,-0.287406,0.133084,0.200002,1.350159,2.819566,0.000073
1465.832000,-0.287742,0.133346,0.199990,1.350121,2.819525,0.000098
1465.840000,-0.288073,0.133617,0.199979,1.350088,2.819534,0.000154
1465.848000,-0.288398,0.133891,0.199949,1.350147,2.819389,0.000230
1465.856000,-0.288730,0.134143,0.199936,1.350045,2.819340,0.000216
1465.864000,-0.289098,0.134416,0.199959,1.350137,2.819442,0.000107
1465.872000,-0.289464,0.134662,0.199971,1.350046,2.819506,0.000108
1465.880000,-0.289832,0.134919,0.199976,1.349948,2.819600,0.000154
1465.888000,-0.290202,0.135191,0.199991,1.350065,2.819619,0.000044
1465.896000,-0.290594,0.135440,0.199997,1.349998,2.819690,0.000014
1465.904000,-0.290977,0.135704,0.200000,1.349956,2.819726,-0.000004
1465.912000,-0.291368,0.135960,0.199997,1.349910,2.819797,0.000001
1465.920000,-0.291745,0.136208,0.199977,1.349917,2.819719,0.000074
1465.928000,-0.292113,0.136470,0.199964,1.349880,2.819636,0.000158
1465.936000,-0.292512,0.136711,0.199966,1.349900,2.819588,0.000151
1465.944000,-0.292895,0.136982,0.199971,1.349942,2.819582,0.000134
1465.952000,-0.293296,0.137217,0.199945,1.349822,2.819501,0.000178
1465.960000,-0.293692,0.137453,0.199928,1.349763,2.819419,0.000229
1465.968000,-0.294102,0.137707,0.199926,1.349780,2.819405,0.000242
1465.976000,-0.294511,0.137967,0.199906,1.349790,2.819336,0.000405
1465.984000,-0.294939,0.138201,0.199924,1.349822,2.819396,0.000296
1465.992000,-0.295374,0.138450,0.199923,1.349847,2.819443,0.000235
1466.000000,-0.295807,0.138677,0.199945,1.349876,2.819501,0.000169
1466.008000,-0.296251,0.138914,0.199964,1.349944,2.819595,0.000094
1466.016000,-0.296694,0.139149,0.199975,1.349952,2.819610,0.000095
1466.024000,-0.297142,0.139387,0.199972,1.350076,2.819603,0.000059
1466.032000,-0.297594,0.139609,0.199951,1.349921,2.819621,0.000099
1466.040000,-0.298027,0.139837,0.199943,1.349936,2.819521,0.000159
1466.048000,-0.298479,0.140061,0.199943,1.349929,2.819503,0.000121
1466.056000,-0.298946,0.140270,0.199944,1.349971,2.819461,0.000125
1466.064000,-0.299391,0.140487,0.199924,1.349988,2.819407,0.000260
1466.072000,-0.299844,0.140715,0.199923,1.350101,2.819380,0.000239
1466.080000,-0.300310,0.140911,0.199920,1.350040,2.819422,0.000165
1466.088000,-0.300781,0.141138,0.199929,1.350143,2.819416,0.000214
1466.096000,-0.301264,0.141316,0.199939,1.350097,2.819494,0.000140
1466.104000,-0.301730,0.141531,0.199929,1.350163,2.819415,0.000216
1466.112000,-0.302195,0.141724,0.199936,1.350136,2.819401,0.000204
1466.120000,-0.302681,0.141921,0.199947,1.350158,2.819402,0.000131
1466.128000,-0.303176,0.142083,0.199937,1.350011,2.819483,0.000160
1466.136000,-0.303648,0.142290,0.199936,1.350080,2.819453,0.000152
1466.144000,-0.304148,0.142473,0.199944,1.350212,2.819424,0.000109
1466.152000,-0.304641,0.142632,0.199936,1.350106,2.819421,0.000111
1466.160000,-0.305137,0.142809,0.199920,1.350088,2.819382,0.000130
1466.168000,-0.305614,0.142993,0.199881,1.350172,2.819254,0.000270
1466.176000,-0.306111,0.143138,0.199868,1.350019,2.819238,0.000351
1466.184000,-0.306630,0.143287,0.199877,1.349987,2.819304,0.000321
1466.192000,-0.307141,0.143446,0.199897,1.350040,2.819328,0.000172
1466.200000,-0.307658,0.143598,0.199938,1.350130,2.819471,0.000115
1466.208000,-0.308176,0.143733,0.199936,1.350027,2.819517,0.000034
1466.216000,-0.308696,0.143867,0.199952,1.349968,2.819610,0.000058
1466.224000,-0.309206,0.144005,0.199985,1.350069,2.819696,-0.000031
1466.232000,-0.309715,0.144140,0.199976,1.350058,2.819676,0.000079
1466.240000,-0.310223,0.144275,0.199975,1.350092,2.819666,0.000155
1466.248000,-0.310739,0.144375,0.199967,1.349958,2.819647,0.000097
1466.256000,-0.311238,0.144504,0.199960,1.350026,2.819570,0.000079
1466.264000,-0.311752,0.144613,0.199942,1.349923,2.819533,0.000121
1466.272000,-0.312259,0.144724,0.199928,1.349985,2.819450,0.000130
1466.280000,-0.312795,0.144820,0.199934,1.349927,2.819505,0.000116
1466.288000,-0.313315,0.144929,0.199911,1.349986,2.819417,0.000207
1466.296000,-0.313836,0.145019,0.199898,1.350106,2.819282,0.000229
1466.304000,-0.314360,0.145099,0.199903,1.350050,2.819296,0.000178
1466.312000,-0.314893,0.145173,0.199904,1.349940,2.819373,0.000208
1466.320000,-0.315410,0.145253,0.199880,1.350083,2.819242,0.000184
1466.328000,-0.315938,0.145317,0.199873,1.350057,2.819194,0.000217
1466.336000,-0.316472,0.145372,0.199888,1.350093,2.819275,0.000213
1466.344000,-0.317001,0.145426,0.199894,1.350056,2.819291,0.000259
1466.352000,-0.317531,0.145491,0.199882,1.350109,2.819235,0.000299
1466.360000,-0.318039,0.145547,0.199878,1.350122,2.819222,0.000269
1466.368000,-0.318577,0.145591,0.199889,1.350087,2.819282,0.000213
1466.376000,-0.319117,0.145636,0.199927,1.350135,2.819473,0.000111
1466.384000,-0.319639,0.145684,0.199927,1.350200,2.819439,0.000040
1466.392000,-0.320164,0.145701,0.199941,1.350048,2.819523,0.000082
1466.400000,-0.320668,0.145766,0.199943,1.350196,2.819448,0.000230
1466.408000,-0.321191,0.145782,0.199950,1.350218,2.819414,0.000191
1466.416000,-0.321699,0.145805,0.199935,1.350076,2.819383,0.000189
1466.424000,-0.322211,0.145816,0.199922,1.350001,2.819363,0.000187
1466.432000,-0.322722,0.145835,0.199915,1.350135,2.819299,0.000138
1466.440000,-0.323247,0.145852,0.199931,1.350029,2.819474,0.000124
1466.448000,-0.323762,0.145859,0.199933,1.350162,2.819412,0.000075
1466.456000,-0.324267,0.145863,0.199926,1.350033,2.819452,0.000156
1466.464000,-0.324774,0.145870,0.199942,1.350110,2.819493,0.000188
1466.472000,-0.325281,0.145860,0.199933,1.350158,2.819384,0.000184
1466.480000,-0.325796,0.145845,0.199963,1.350110,2.819505,0.000067
1466.488000,-0.326324,0.145814,0.199948,1.350076,2.819487,0.000098
1466.496000,-0.326830,0.145790,0.199956,1.350104,2.819551,0.000073
1466.504000,-0.327342,0.145759,0.199967,1.350130,2.819570,0.000032
1466.512000,-0.327840,0.145737,0.199966,1.350184,2.819559,0.000039
1466.520000,-0.328341,0.145713,0.199979,1.350246,2.819523,0.000016
1466.528000,-0.328833,0.145658,0.199956,1.350174,2.819468,-0.000002
1466.536000,-0.329336,0.145617,0.199967,1.350206,2.819502,0.000029
1466.544000,-0.329826,0.145581,0.199954,1.350259,2.819447,0.000140
1466.552000,-0.330313,0.145511,0.199928,1.350166,2.819433,0.000188
1466.560000,-0.330782,0.145464,0.199888,1.350117,2.819297,0.000286
1466.568000,-0.331267,0.145391,0.199854,1.350077,2.819223,0.000373
1466.576000,-0.331746,0.145318,0.199852,1.350076,2.819187,0.000292
1466.584000,-0.332239,0.145240,0.199878,1.350053,2.819277,0.000212
1466.592000,-0.332716,0.145166,0.199887,1.350080,2.819300,0.000253
1466.600000,-0.333191,0.145100,0.199904,1.350059,2.819350,0.000133
1466.608000,-0.333660,0.145020,0.199924,1.350139,2.819399,0.000149
1466.616000,-0.334140,0.144923,0.199906,1.350082,2.819373,0.000118
1466.624000,-0.334617,0.144818,0.199929,1.350023,2.819477,0.000142
1466.632000,-0.335068,0.144719,0.199919,1.350019,2.819436,0.000147
1466.640000,-0.335535,0.144618,0.199930,1.349996,2.819484,0.000131
1466.648000,-0.335998,0.144515,0.199945,1.349957,2.819503,0.000194
1466.656000,-0.336441,0.144437,0.199972,1.350093,2.819536,0.000086
1466.664000,-0.336903,0.144311,0.199979,1.350038,2.819607,0.000108
1466.672000,-0.337343,0.144200,0.200002,1.350078,2.819654,0.000040
1466.680000,-0.337781,0.144097,0.200011,1.350109,2.819642,0.000003
1466.688000,-0.338214,0.143987,0.200005,1.350142,2.819593,0.000046
1466.696000,-0.338665,0.143851,0.200002,1.350001,2.819655,0.000034
1466.704000,-0.339100,0.143732,0.200004,1.350067,2.819673,0.000015
1466.712000,-0.339530,0.143600,0.199997,1.350051,2.819648,0.000060
1466.720000,-0.339961,0.143466,0.199987,1.350024,2.819648,0.000074
1466.728000,-0.340383,0.143326,0.199988,1.350003,2.819612,0.000066
1466.736000,-0.340808,0.143194,0.199990,1.350006,2.819630,0.000044
1466.744000,-0.341214,0.143067,0.200003,1.350040,2.819668,0.000044
1466.752000,-0.341602,0.142937,0.199977,1.349991,2.819617,0.000093
1466.760000,-0.342006,0.142803,0.199977,1.350022,2.819609,0.000178
1466.768000,-0.342392,0.142660,0.199968,1.350064,2.819532,0.000139
1466.776000,-0.342795,0.142496,0.199973,1.349979,2.819623,0.000124
1466.784000,-0.343188,0.142346,0.199967,1.350034,2.819618,0.000104
1466.792000,-0.343577,0.142211,0.199955,1.350132,2.819571,0.000115
1466.800000,-0.343964,0.142044,0.199951,1.350077,2.819598,0.000127
1466.808000,-0.344332,0.141884,0.199933,1.350015,2.819522,0.000116
1466.816000,-0.344699,0.141731,0.199913,1.350002,2.819420,0.000145
1466.824000,-0.345063,0.141573,0.199897,1.349869,2.819412,0.000256
1466.832000,-0.345419,0.141421,0.199898,1.349981,2.819313,0.000254
1466.840000,-0.345779,0.141254,0.199893,1.349893,2.819313,0.000270
1466.848000,-0.346132,0.141085,0.199907,1.349902,2.819345,0.000306
1466.856000,-0.346498,0.140913,0.199930,1.349873,2.819422,0.000186
1466.864000,-0.346844,0.140761,0.199925,1.349933,2.819427,0.000163
1466.872000,-0.347195,0.140589,0.199951,1.349949,2.819557,0.000105
1466.880000,-0.347539,0.140417,0.199959,1.350013,2.819569,0.000058
1466.888000,-0.347872,0.140236,0.199948,1.349957,2.819549,0.000060
1466.896000,-0.348199,0.140064,0.199972,1.349956,2.819645,0.000004
1466.904000,-0.348525,0.139901,0.199957,1.350096,2.819555,0.000034
1466.912000,-0.348845,0.139730,0.199968,1.350092,2.819600,0.000047
1466.920000,-0.349159,0.139565,0.199969,1.350089,2.819566,0.000083
1466.928000,-0.349456,0.139389,0.199951,1.350163,2.819428,0.000137
1466.936000,-0.349752,0.139222,0.199929,1.350152,2.819330,0.000191
1466.944000,-0.350061,0.139043,0.199946,1.350204,2.819358,0.000080
1466.952000,-0.350353,0.138882,0.199945,1.350166,2.819380,0.000156
1466.960000,-0.350649,0.138695,0.199926,1.350149,2.819351,0.000135
1466.968000,-0.350947,0.138523,0.199957,1.350192,2.819493,0.000065
1466.976000,-0.351222,0.138342,0.199963,1.350234,2.819461,0.000032
1466.984000,-0.351486,0.138165,0.199947,1.350169,2.819466,0.000106
1466.992000,-0.351769,0.137990,0.199949,1.350213,2.819436,0.000090
1467.000000,-0.352029,0.137830,0.199965,1.350216,2.819538,0.000113
1467.008000,-0.352286,0.137636,0.199949,1.350155,2.819467,0.000170
1467.016000,-0.352531,0.137471,0.199942,1.350146,2.819412,0.000122
1467.024000,-0.352775,0.137298,0.199948,1.350206,2.819373,0.000149
1467.032000,-0.353012,0.137120,0.199919,1.350125,2.819304,0.000230
1467.040000,-0.353264,0.136934,0.199939,1.350101,2.819392,0.000210
1467.048000,-0.353514,0.136760,0.199956,1.350114,2.819470,0.000164
1467.056000,-0.353741,0.136602,0.199949,1.350089,2.819471,0.000190
1467.064000,-0.353974,0.136441,0.199951,1.350139,2.819456,0.000227
1467.072000,-0.354191,0.136268,0.199934,1.349980,2.819432,0.000183
1467.080000,-0.354416,0.136093,0.199941,1.349942,2.819538,0.000257
1467.088000,-0.354631,0.135925,0.199951,1.349886,2.819559,0.000201
1467.096000,-0.354843,0.135771,0.199928,1.349907,2.819484,0.000279
1467.104000,-0.355046,0.135617,0.199930,1.349917,2.819467,0.000247
1467.112000,-0.355259,0.135453,0.199932,1.349820,2.819534,0.000278
1467.120000,-0.355471,0.135291,0.199947,1.349821,2.819588,0.000229
1467.128000,-0.355666,0.135161,0.199940,1.349893,2.819532,0.000261
1467.136000,-0.355884,0.134982,0.199977,1.349808,2.819707,0.000187
1467.176000,-0.356877,0.134235,0.199971,1.349744,2.819702,0.000213
1467.184000,-0.357054,0.134105,0.199965,1.349899,2.819601,0.000230
1467.192000,-0.357261,0.133955,0.199976,1.349851,2.819679,0.000179
1467.200000,-0.357454,0.133809,0.199953,1.349825,2.819628,0.000217
1467.208000,-0.357642,0.133667,0.199956,1.349838,2.819624,0.000237
1467.216000,-0.357839,0.133522,0.199953,1.349872,2.819574,0.000277
1467.224000,-0.358041,0.133376,0.199989,1.349993,2.819662,0.000195
1467.232000,-0.358230,0.133227,0.199979,1.349929,2.819619,0.000198
1467.240000,-0.358411,0.133085,0.199962,1.349948,2.819540,0.000260
1467.248000,-0.358610,0.132942,0.199965,1.349878,2.819616,0.000216
1467.256000,-0.358799,0.132805,0.199968,1.349921,2.819627,0.000238
1467.264000,-0.358993,0.132670,0.199997,1.349954,2.819704,0.000165
1467.272000,-0.359174,0.132538,0.199986,1.350135,2.819568,0.000155
1467.280000,-0.359356,0.132399,0.199983,1.350043,2.819597,0.000164
1467.288000,-0.359546,0.132281,0.199990,1.350105,2.819604,0.000142
1467.296000,-0.359730,0.132115,0.199983,1.349907,2.819635,0.000180
1467.304000,-0.359914,0.131989,0.199980,1.349988,2.819593,0.000182
1467.312000,-0.360081,0.131877,0.199958,1.349994,2.819525,0.000260
1467.320000,-0.360272,0.131747,0.199968,1.349949,2.819611,0.000243
1467.328000,-0.360455,0.131601,0.199984,1.349913,2.819630,0.000202
1467.336000,-0.360642,0.131470,0.199977,1.349825,2.819669,0.000203
1467.344000,-0.360812,0.131362,0.199959,1.349919,2.819570,0.000275
1467.352000,-0.360985,0.131225,0.199962,1.349887,2.819510,0.000218
1467.360000,-0.361167,0.131108,0.199973,1.349975,2.819570,0.000280
1467.368000,-0.361352,0.130986,0.199993,1.349961,2.819633,0.000185
1467.376000,-0.361526,0.130869,0.199980,1.350048,2.819562,0.000243
1467.384000,-0.361688,0.130736,0.199939,1.349945,2.819438,0.000244
1467.392000,-0.361878,0.130620,0.199950,1.349971,2.819499,0.000260
1467.400000,-0.362046,0.130510,0.199954,1.350026,2.819489,0.000271
1467.408000,-0.362228,0.130387,0.199957,1.349965,2.819541,0.000256
1467.416000,-0.362393,0.130277,0.199959,1.350044,2.819497,0.000198
1467.424000,-0.362578,0.130146,0.199982,1.350076,2.819571,0.000166
1467.432000,-0.362751,0.130028,0.199990,1.350019,2.819631,0.000187
1467.440000,-0.362914,0.129912,0.199958,1.350008,2.819524,0.000253
1467.448000,-0.363088,0.129804,0.199973,1.350007,2.819575,0.000283
1467.456000,-0.363255,0.129683,0.199974,1.349990,2.819544,0.000204
1467.464000,-0.363416,0.129565,0.199965,1.350026,2.819495,0.000203
1467.472000,-0.363576,0.129466,0.199949,1.349999,2.819445,0.000238
1467.480000,-0.363744,0.129356,0.199955,1.349985,2.819467,0.000248
1467.488000,-0.363909,0.129228,0.199966,1.349916,2.819546,0.000262
1467.496000,-0.364076,0.129121,0.199964,1.349985,2.819477,0.000201
1467.504000,-0.364249,0.129024,0.199994,1.350046,2.819568,0.000169
1467.512000,-0.364410,0.128914,0.199980,1.350018,2.819515,0.000248
1467.520000,-0.364570,0.128802,0.199977,1.350050,2.819503,0.000266
1467.528000,-0.364731,0.128703,0.200001,1.350074,2.819555,0.000145
1467.536000,-0.364892,0.128610,0.199992,1.350126,2.819539,0.000179
1467.544000,-0.365054,0.128506,0.199990,1.350167,2.819542,0.000165
1467.552000,-0.365216,0.128389,0.200001,1.350045,2.819598,0.000165
1467.560000,-0.365380,0.128286,0.199961,1.349988,2.819486,0.000185
1467.568000,-0.365531,0.128198,0.199972,1.350011,2.819538,0.000207
1467.576000,-0.365698,0.128093,0.199957,1.350011,2.819502,0.000288
1467.584000,-0.365850,0.127997,0.199970,1.349996,2.819520,0.000280
1467.592000,-0.366005,0.127897,0.199942,1.350047,2.819412,0.000247
1467.600000,-0.366162,0.127792,0.199936,1.349991,2.819388,0.000277
1467.608000,-0.366338,0.127680,0.199964,1.349981,2.819501,0.000210
1467.616000,-0.366489,0.127594,0.199972,1.350080,2.819499,0.000223
1467.624000,-0.366631,0.127511,0.199966,1.350074,2.819450,0.000251
1467.632000,-0.366797,0.127388,0.199954,1.349940,2.819477,0.000273
1467.640000,-0.366952,0.127302,0.199937,1.350031,2.819410,0.000204
1467.648000,-0.367109,0.127200,0.199951,1.349981,2.819484,0.000233
1467.656000,-0.367269,0.127104,0.199942,1.349980,2.819488,0.000249
1467.664000,-0.367430,0.127017,0.199934,1.349978,2.819487,0.000248
1467.664000,-0.367430,0.127017,0.199934,1.349978,2.819487,0.000248
1467.680000,-0.367735,0.126852,0.199957,1.350047,2.819554,0.000204
1467.688000,-0.367893,0.126747,0.199978,1.350023,2.819641,0.000176
1467.696000,-0.368047,0.126656,0.199971,1.350035,2.819582,0.000146
1467.704000,-0.368196,0.126561,0.199959,1.349945,2.819573,0.000216
1467.712000,-0.368348,0.126467,0.199961,1.350015,2.819551,0.000166
1467.720000,-0.368497,0.126377,0.199957,1.350016,2.819514,0.000146
1467.728000,-0.368653,0.126287,0.199964,1.350041,2.819528,0.000189
1467.728000,-0.368653,0.126287,0.199964,1.350041,2.819528,0.000189
1467.728000,-0.368653,0.126287,0.199964,1.350041,2.819528,0.000189
1467.728000,-0.368653,0.126287,0.199964,1.350041,2.819528,0.000189
1467.760000,-0.369247,0.125961,0.199965,1.350105,2.819422,0.000245
1467.768000,-0.369398,0.125856,0.199969,1.349989,2.819448,0.000200
1467.776000,-0.369545,0.125796,0.199968,1.350083,2.819388,0.000246
1467.784000,-0.369699,0.125702,0.199971,1.350095,2.819375,0.000229
1467.792000,-0.369850,0.125612,0.199970,1.350061,2.819395,0.000203
1467.800000,-0.370007,0.125509,0.199963,1.349976,2.819393,0.000207
1467.808000,-0.370150,0.125434,0.199970,1.350043,2.819408,0.000176
1467.816000,-0.370306,0.125359,0.199967,1.350052,2.819431,0.000176
1467.824000,-0.370458,0.125277,0.199987,1.350027,2.819512,0.000171
1467.832000,-0.370606,0.125214,0.199990,1.350054,2.819529,0.000129
1467.840000,-0.370757,0.125121,0.199993,1.349987,2.819565,0.000145
1467.848000,-0.370913,0.125048,0.199999,1.350072,2.819573,0.000071
1467.856000,-0.371070,0.124952,0.200002,1.349926,2.819664,0.000095
1467.864000,-0.371210,0.124890,0.200004,1.350063,2.819608,0.000087
1467.872000,-0.371354,0.124811,0.199983,1.350003,2.819570,0.000063
1467.880000,-0.371494,0.124716,0.199986,1.349870,2.819604,0.000160
1467.888000,-0.371640,0.124645,0.199965,1.350037,2.819476,0.000106
1467.896000,-0.371793,0.124549,0.199954,1.349895,2.819534,0.000170
1467.904000,-0.371947,0.124488,0.199961,1.349962,2.819547,0.000179
1467.912000,-0.372089,0.124407,0.199975,1.349901,2.819600,0.000162
1467.920000,-0.372234,0.124361,0.199972,1.350086,2.819510,0.000117
1467.928000,-0.372381,0.124259,0.199982,1.349923,2.819607,0.000042
1467.936000,-0.372518,0.124196,0.199967,1.349952,2.819499,0.000117
1467.944000,-0.372662,0.124125,0.199951,1.349945,2.819446,0.000169
1467.944000,-0.372662,0.124125,0.199951,1.349945,2.819446,0.000169
1467.944000,-0.372662,0.124125,0.199951,1.349945,2.819446,0.000169
1467.944000,-0.372662,0.124125,0.199951,1.349945,2.819446,0.000169
1467.944000,-0.372662,0.124125,0.199951,1.349945,2.819446,0.000169
1467.976000,-0.373212,0.123837,0.199918,1.349852,2.819355,0.000260
1467.976000,-0.373212,0.123837,0.199918,1.349852,2.819355,0.000260
1467.976000,-0.373212,0.123837,0.199918,1.349852,2.819355,0.000260
1467.976000,-0.373212,0.123837,0.199918,1.349852,2.819355,0.000260
1467.976000,-0.373212,0.123837,0.199918,1.349852,2.819355,0.000260
1468.024000,-0.374095,0.123416,0.199976,1.349890,2.819544,0.000110
1468.032000,-0.374243,0.123348,0.199953,1.349929,2.819498,0.000123
1468.040000,-0.374379,0.123269,0.199970,1.349920,2.819527,0.000064
1468.048000,-0.374534,0.123183,0.199962,1.349839,2.819576,0.000054
1468.056000,-0.374676,0.123135,0.199976,1.349872,2.819605,0.000062
1468.064000,-0.374821,0.123060,0.199970,1.349799,2.819630,0.000126
1468.072000,-0.374961,0.123007,0.199989,1.349976,2.819613,0.000020
1468.080000,-0.375095,0.122944,0.200001,1.349947,2.819643,0.000026
1468.088000,-0.375239,0.122867,0.200005,1.349941,2.819636,0.000049
1468.096000,-0.375389,0.122812,0.200017,1.349963,2.819685,0.000007
1468.104000,-0.375525,0.122756,0.200030,1.349988,2.819698,0.000048
1468.112000,-0.375668,0.122671,0.199989,1.349881,2.819613,0.000171
1468.120000,-0.375798,0.122622,0.199989,1.349947,2.819579,0.000210
1468.128000,-0.375935,0.122558,0.199989,1.349886,2.819587,0.000239
1468.136000,-0.376080,0.122495,0.199980,1.349927,2.819547,0.000268
1468.144000,-0.376224,0.122424,0.199991,1.349960,2.819573,0.000177
1468.152000,-0.376359,0.122382,0.199986,1.349908,2.819597,0.000172
1468.160000,-0.376490,0.122320,0.199980,1.349952,2.819565,0.000237
1468.168000,-0.376629,0.122276,0.199989,1.349944,2.819592,0.000176
1468.176000,-0.376777,0.122201,0.199995,1.349868,2.819652,0.000116
1468.184000,-0.376914,0.122155,0.199997,1.349938,2.819629,0.000104
1468.192000,-0.377054,0.122093,0.200009,1.349895,2.819676,0.000145
1468.200000,-0.377192,0.122024,0.199995,1.349934,2.819632,0.000158
1468.208000,-0.377316,0.121969,0.199992,1.349894,2.819593,0.000210
1468.216000,-0.377462,0.121916,0.200000,1.349941,2.819607,0.000142
1468.224000,-0.377586,0.121861,0.199977,1.349958,2.819518,0.000209
1468.232000,-0.377732,0.121804,0.199990,1.350012,2.819545,0.000151
1468.240000,-0.377870,0.121745,0.199997,1.349953,2.819601,0.000149
1468.248000,-0.378003,0.121678,0.199982,1.349885,2.819548,0.000158
1468.256000,-0.378133,0.121634,0.199983,1.349928,2.819554,0.000198
1468.264000,-0.378278,0.121573,0.199993,1.349934,2.819569,0.000162
1468.272000,-0.378409,0.121527,0.199996,1.350027,2.819552,0.000161
1468.280000,-0.378546,0.121464,0.199990,1.349959,2.819584,0.000115
1468.288000,-0.378678,0.121415,0.199995,1.350012,2.819567,0.000147
1468.296000,-0.378811,0.121360,0.199990,1.349872,2.819580,0.000114
1468.304000,-0.378956,0.121300,0.200020,1.350001,2.819637,0.000035
1468.312000,-0.379088,0.121260,0.199990,1.349956,2.819588,0.000135
1468.320000,-0.379222,0.121207,0.199992,1.349935,2.819591,0.000114
1468.328000,-0.379344,0.121153,0.199977,1.349929,2.819497,0.000130
1468.336000,-0.379476,0.121099,0.199977,1.349847,2.819544,0.000161
1468.344000,-0.379625,0.121042,0.199978,1.349930,2.819546,0.000110
1468.352000,-0.379757,0.120987,0.199981,1.349886,2.819546,0.000139
1468.360000,-0.379884,0.120952,0.199959,1.349905,2.819457,0.000163
1468.360000,-0.379884,0.120952,0.199959,1.349905,2.819457,0.000163
1468.376000,-0.380151,0.120854,0.199974,1.349860,2.819541,0.000134
1468.384000,-0.380285,0.120773,0.199967,1.349778,2.819548,0.000130
1468.392000,-0.380419,0.120736,0.199971,1.349750,2.819578,0.000134
1468.400000,-0.380556,0.120698,0.199977,1.349936,2.819536,0.000101
1468.408000,-0.380689,0.120638,0.199964,1.349794,2.819546,0.000152
1468.416000,-0.380831,0.120607,0.199962,1.349777,2.819556,0.000205
1468.424000,-0.380956,0.120565,0.199947,1.349924,2.819478,0.000226
1468.432000,-0.381087,0.120504,0.199971,1.349822,2.819531,0.000240
1468.440000,-0.381222,0.120467,0.199982,1.349841,2.819572,0.000222
1468.448000,-0.381344,0.120419,0.199950,1.349869,2.819460,0.000281
1468.456000,-0.381478,0.120357,0.199935,1.349762,2.819455,0.000291
1468.464000,-0.381605,0.120336,0.199947,1.349901,2.819445,0.000332
1468.472000,-0.381736,0.120278,0.199960,1.349851,2.819475,0.000303
1468.480000,-0.381875,0.120227,0.199959,1.349839,2.819496,0.000309
1468.488000,-0.382010,0.120181,0.199954,1.349903,2.819459,0.000246
1468.496000,-0.382146,0.120136,0.199948,1.349843,2.819466,0.000316
1468.504000,-0.382272,0.120097,0.199954,1.350007,2.819422,0.000289
1468.512000,-0.382405,0.120063,0.199953,1.349910,2.819478,0.000276
1468.520000,-0.382554,0.120000,0.199974,1.349864,2.819561,0.000191
1468.552000,-0.383078,0.119809,0.199960,1.349787,2.819541,0.000248
1468.560000,-0.383203,0.119766,0.199981,1.349731,2.819602,0.000221
1468.568000,-0.383342,0.119730,0.199995,1.349850,2.819592,0.000144
1468.576000,-0.383466,0.119696,0.199992,1.349812,2.819601,0.000164
1468.584000,-0.383599,0.119658,0.199996,1.349878,2.819568,0.000159
1468.592000,-0.383724,0.119620,0.200011,1.349937,2.819610,0.000151
1468.600000,-0.383861,0.119582,0.199995,1.349909,2.819554,0.000209
1468.608000,-0.383990,0.119530,0.200005,1.349943,2.819584,0.000176
1468.616000,-0.384117,0.119488,0.199977,1.349883,2.819503,0.000198
1468.624000,-0.384229,0.119461,0.199960,1.349868,2.819476,0.000276
1468.632000,-0.384374,0.119399,0.199980,1.349883,2.819552,0.000219
1468.640000,-0.384499,0.119345,0.199969,1.349759,2.819555,0.000229
1468.648000,-0.384627,0.119330,0.199985,1.349995,2.819531,0.000187
1468.656000,-0.384752,0.119300,0.200000,1.349996,2.819577,0.000151
1468.664000,-0.384879,0.119250,0.199995,1.349863,2.819604,0.000127
1468.672000,-0.385010,0.119226,0.200005,1.350022,2.819595,0.000203
1468.680000,-0.385140,0.119198,0.200021,1.349989,2.819658,0.000124
1468.688000,-0.385262,0.119145,0.200017,1.350002,2.819602,0.000152
1468.696000,-0.385395,0.119116,0.200010,1.349945,2.819657,0.000148
1468.704000,-0.385502,0.119066,0.199983,1.349841,2.819530,0.000236
1468.712000,-0.385624,0.119032,0.199960,1.349876,2.819433,0.000302
1468.712000,-0.385624,0.119032,0.199960,1.349876,2.819433,0.000302
1468.728000,-0.385895,0.118942,0.199939,1.349852,2.819429,0.000260
1468.736000,-0.386014,0.118925,0.199955,1.349793,2.819526,0.000291
1468.744000,-0.386149,0.118870,0.199970,1.349816,2.819574,0.000207
1468.752000,-0.386270,0.118852,0.199957,1.349908,2.819509,0.000277
1468.760000,-0.386404,0.118810,0.199982,1.349906,2.819594,0.000176
1468.768000,-0.386533,0.118790,0.199999,1.350085,2.819582,0.000226
1468.776000,-0.386665,0.118738,0.199998,1.349986,2.819638,0.000255
1468.784000,-0.386775,0.118718,0.199967,1.350139,2.819484,0.000323
1468.792000,-0.386908,0.118669,0.199961,1.350056,2.819485,0.000342
1468.800000,-0.387037,0.118648,0.199975,1.350052,2.819522,0.000313
1468.808000,-0.387173,0.118594,0.199988,1.350132,2.819518,0.000286
1468.816000,-0.387280,0.118572,0.199977,1.350099,2.819454,0.000310
1468.824000,-0.387393,0.118534,0.199961,1.350025,2.819390,0.000410
1468.832000,-0.387527,0.118485,0.199969,1.350058,2.819375,0.000322
1468.840000,-0.387655,0.118447,0.199988,1.349993,2.819457,0.000303
1468.848000,-0.387783,0.118412,0.199989,1.350050,2.819405,0.000314
1468.856000,-0.387905,0.118392,0.200004,1.350126,2.819438,0.000304
1468.864000,-0.388032,0.118351,0.199975,1.349954,2.819427,0.000336
1468.872000,-0.388163,0.118298,0.199988,1.350071,2.819454,0.000280
1468.880000,-0.388294,0.118275,0.200031,1.350100,2.819564,0.000255
1468.888000,-0.388425,0.118222,0.200019,1.349987,2.819588,0.000206
1468.896000,-0.388537,0.118218,0.200020,1.350162,2.819479,0.000175
1468.904000,-0.388672,0.118163,0.200016,1.350122,2.819526,0.000132
1468.912000,-0.388799,0.118130,0.199999,1.350087,2.819541,0.000168
1468.920000,-0.388928,0.118093,0.200013,1.350161,2.819568,0.000184
1468.928000,-0.389044,0.118071,0.200028,1.350096,2.819610,0.000170
1468.928000,-0.389044,0.118071,0.200028,1.350096,2.819610,0.000170
1468.944000,-0.389289,0.117998,0.200020,1.350157,2.819566,0.000128
1468.952000,-0.389416,0.117970,0.200032,1.350098,2.819618,0.000064
1468.960000,-0.389539,0.117946,0.200021,1.350125,2.819589,0.000109
1468.968000,-0.389667,0.117910,0.200026,1.350212,2.819558,0.000097
1468.976000,-0.389791,0.117891,0.200028,1.350077,2.819668,0.000101
1468.984000,-0.389914,0.117847,0.200024,1.350217,2.819528,0.000061
1468.992000,-0.390035,0.117837,0.200008,1.350217,2.819526,0.000096
1469.000000,-0.390152,0.117779,0.199997,1.349994,2.819545,0.000189
1469.008000,-0.390260,0.117763,0.199971,1.350090,2.819355,0.000194
1469.016000,-0.390400,0.117715,0.199981,1.350019,2.819470,0.000176
1469.024000,-0.390514,0.117703,0.199980,1.349980,2.819475,0.000177
1469.032000,-0.390642,0.117650,0.199987,1.349974,2.819469,0.000199
1469.040000,-0.390755,0.117636,0.199974,1.350065,2.819358,0.000216
1469.048000,-0.390883,0.117601,0.199985,1.349991,2.819464,0.000164
1469.056000,-0.391010,0.117568,0.200006,1.350087,2.819489,0.000071
1469.064000,-0.391133,0.117531,0.199978,1.350043,2.819446,0.000189
1469.072000,-0.391252,0.117513,0.199975,1.349961,2.819490,0.000158
1469.080000,-0.391367,0.117489,0.199986,1.350155,2.819421,0.000097
1469.088000,-0.391507,0.117446,0.199993,1.350075,2.819516,0.000094
1469.096000,-0.391626,0.117412,0.199996,1.349916,2.819574,0.000037
1469.104000,-0.391739,0.117399,0.199976,1.350166,2.819450,0.000118
1469.112000,-0.391863,0.117334,0.199950,1.349956,2.819447,0.000159
1469.120000,-0.391975,0.117345,0.199938,1.350014,2.819393,0.000168
1469.128000,-0.392098,0.117291,0.199941,1.350001,2.819415,0.000174
1469.136000,-0.392230,0.117276,0.199976,1.350092,2.819475,0.000038
1469.144000,-0.392340,0.117238,0.199950,1.349977,2.819411,0.000171
1469.152000,-0.392465,0.117208,0.199941,1.350038,2.819367,0.000216
1469.160000,-0.392570,0.117197,0.199975,1.350017,2.819413,0.000103
1469.168000,-0.392701,0.117170,0.199953,1.350041,2.819377,0.000112
1469.176000,-0.392831,0.117122,0.199960,1.350064,2.819386,0.000135
1469.184000,-0.392940,0.117105,0.199978,1.350038,2.819421,0.000114
1469.192000,-0.393060,0.117086,0.199979,1.350041,2.819470,0.000137
1469.200000,-0.393170,0.117046,0.199941,1.350054,2.819329,0.000261
1469.208000,-0.393301,0.117021,0.199966,1.350050,2.819495,0.000271
1469.216000,-0.393415,0.116993,0.199949,1.349934,2.819471,0.000296
1469.224000,-0.393546,0.116963,0.199954,1.350089,2.819449,0.000277
1469.224000,-0.393546,0.116963,0.199954,1.350089,2.819449,0.000277
1469.224000,-0.393546,0.116963,0.199954,1.350089,2.819449,0.000277
1469.248000,-0.393909,0.116896,0.199984,1.350139,2.819474,0.000205
1469.256000,-0.394025,0.116876,0.200004,1.350187,2.819533,0.000187
1469.264000,-0.394136,0.116828,0.200000,1.350018,2.819529,0.000195
1469.272000,-0.394265,0.116807,0.200001,1.350189,2.819498,0.000176
1469.280000,-0.394373,0.116785,0.199979,1.350109,2.819463,0.000217
1469.288000,-0.394503,0.116738,0.199978,1.349983,2.819504,0.000203
1469.296000,-0.394624,0.116706,0.199955,1.349979,2.819455,0.000230
1469.304000,-0.394730,0.116713,0.199947,1.350022,2.819372,0.000263
1469.312000,-0.394861,0.116663,0.199970,1.349952,2.819531,0.000196
1469.320000,-0.394988,0.116649,0.199989,1.350065,2.819547,0.000102
1469.328000,-0.395100,0.116619,0.199970,1.350110,2.819475,0.000171
1469.336000,-0.395219,0.116593,0.199982,1.349969,2.819570,0.000167
1469.344000,-0.395340,0.116573,0.199985,1.350136,2.819489,0.000120
1469.352000,-0.395441,0.116554,0.199979,1.350146,2.819423,0.000113
1469.360000,-0.395555,0.116524,0.199962,1.349927,2.819489,0.000172
1469.368000,-0.395682,0.116499,0.199984,1.350108,2.819521,0.000131
1469.368000,-0.395682,0.116499,0.199984,1.350108,2.819521,0.000131
1469.384000,-0.395904,0.116431,0.199933,1.349921,2.819395,0.000280
1469.392000,-0.396022,0.116414,0.199949,1.349969,2.819409,0.000167
1469.400000,-0.396139,0.116383,0.199978,1.350098,2.819423,0.000133
1469.408000,-0.396257,0.116366,0.199986,1.350082,2.819476,0.000096
1469.416000,-0.396366,0.116338,0.199982,1.349980,2.819482,0.000097
1469.424000,-0.396484,0.116325,0.199972,1.350032,2.819419,0.000115
1469.432000,-0.396601,0.116304,0.199987,1.350176,2.819420,0.000105
1469.440000,-0.396714,0.116274,0.199990,1.350067,2.819453,0.000049
1469.448000,-0.396820,0.116226,0.199955,1.349994,2.819347,0.000199
1469.456000,-0.396925,0.116231,0.199966,1.350118,2.819304,0.000161
1469.464000,-0.397040,0.116202,0.199968,1.349992,2.819391,0.000198
1469.472000,-0.397153,0.116193,0.199974,1.350158,2.819305,0.000176
1469.480000,-0.397277,0.116156,0.199996,1.350185,2.819362,0.000124
1469.488000,-0.397391,0.116143,0.199996,1.350133,2.819385,0.000118
1469.496000,-0.397500,0.116124,0.199977,1.350145,2.819328,0.000229
1469.504000,-0.397619,0.116087,0.199980,1.350148,2.819336,0.000216
1469.512000,-0.397731,0.116087,0.199977,1.350145,2.819329,0.000276
1469.520000,-0.397850,0.116063,0.200002,1.350073,2.819487,0.000251
1469.528000,-0.397955,0.116031,0.199976,1.350142,2.819373,0.000320
1469.536000,-0.398076,0.116004,0.200011,1.350172,2.819438,0.000158
1469.544000,-0.398200,0.115990,0.200008,1.350219,2.819448,0.000213
1469.552000,-0.398319,0.115953,0.200021,1.350168,2.819519,0.000176
1469.560000,-0.398434,0.115938,0.200040,1.350237,2.819533,0.000098
1469.568000,-0.398546,0.115920,0.200027,1.350126,2.819560,0.000107
1469.576000,-0.398647,0.115918,0.199990,1.350172,2.819402,0.000230
1469.584000,-0.398775,0.115862,0.199998,1.350164,2.819429,0.000210
1469.592000,-0.398888,0.115871,0.200031,1.350228,2.819480,0.000190
1469.600000,-0.399000,0.115833,0.200005,1.350105,2.819436,0.000148
1469.608000,-0.399108,0.115818,0.199987,1.350107,2.819402,0.000225
1469.616000,-0.399219,0.115792,0.199962,1.350114,2.819332,0.000284
1469.624000,-0.399337,0.115778,0.199980,1.350122,2.819392,0.000214
1469.632000,-0.399453,0.115758,0.200015,1.350137,2.819468,0.000111
1469.632000,-0.399453,0.115758,0.200015,1.350137,2.819468,0.000111
1469.648000,-0.399680,0.115703,0.200001,1.350167,2.819402,0.000134
1469.648000,-0.399680,0.115703,0.200001,1.350167,2.819402,0.000134
1469.648000,-0.399680,0.115703,0.200001,1.350167,2.819402,0.000134
1469.648000,-0.399680,0.115703,0.200001,1.350167,2.819402,0.000134
1469.648000,-0.399680,0.115703,0.200001,1.350167,2.819402,0.000134
1469.648000,-0.399680,0.115703,0.200001,1.350167,2.819402,0.000134
1469.648000,-0.399680,0.115703,0.200001,1.350167,2.819402,0.000134
1469.648000,-0.399680,0.115703,0.200001,1.350167,2.819402,0.000134
1469.648000,-0.399680,0.115703,0.200001,1.350167,2.819402,0.000134
1469.648000,-0.399680,0.115703,0.200001,1.350167,2.819402,0.000134
1469.648000,-0.399680,0.115703,0.200001,1.350167,2.819402,0.000134
1469.648000,-0.399680,0.115703,0.200001,1.350167,2.819402,0.000134
1469.648000,-0.399680,0.115703,0.200001,1.350167,2.819402,0.000134
1469.648000,-0.399680,0.115703,0.200001,1.350167,2.819402,0.000134
1469.648000,-0.399680,0.115703,0.200001,1.350167,2.819402,0.000134
1469.648000,-0.399680,0.115703,0.200001,1.350167,2.819402,0.000134
1469.648000,-0.399680,0.115703,0.200001,1.350167,2.819402,0.000134
1469.648000,-0.399680,0.115703,0.200001,1.350167,2.819402,0.000134
1469.648000,-0.399680,0.115703,0.200001,1.350167,2.819402,0.000134
1469.648000,-0.399680,0.115703,0.200001,1.350167,2.819402,0.000134
1469.648000,-0.399680,0.115703,0.200001,1.350167,2.819402,0.000134
1469.648000,-0.399680,0.115703,0.200001,1.350167,2.819402,0.000134
1469.712000,-0.400588,0.115522,0.200006,1.350145,2.819458,0.000095
1469.712000,-0.400588,0.115522,0.200006,1.350145,2.819458,0.000095
1469.712000,-0.400588,0.115522,0.200006,1.350145,2.819458,0.000095
1469.712000,-0.400588,0.115522,0.200006,1.350145,2.819458,0.000095
1469.712000,-0.400588,0.115522,0.200006,1.350145,2.819458,0.000095
1469.712000,-0.400588,0.115522,0.200006,1.350145,2.819458,0.000095
1469.712000,-0.400588,0.115522,0.200006,1.350145,2.819458,0.000095
1469.712000,-0.400588,0.115522,0.200006,1.350145,2.819458,0.000095
1469.712000,-0.400588,0.115522,0.200006,1.350145,2.819458,0.000095
1469.712000,-0.400588,0.115522,0.200006,1.350145,2.819458,0.000095
1469.712000,-0.400588,0.115522,0.200006,1.350145,2.819458,0.000095
1469.712000,-0.400588,0.115522,0.200006,1.350145,2.819458,0.000095
1469.712000,-0.400588,0.115522,0.200006,1.350145,2.819458,0.000095
1469.712000,-0.400588,0.115522,0.200006,1.350145,2.819458,0.000095
1469.712000,-0.400588,0.115522,0.200006,1.350145,2.819458,0.000095
1469.712000,-0.400588,0.115522,0.200006,1.350145,2.819458,0.000095
1469.712000,-0.400588,0.115522,0.200006,1.350145,2.819458,0.000095
1469.712000,-0.400588,0.115522,0.200006,1.350145,2.819458,0.000095
1469.712000,-0.400588,0.115522,0.200006,1.350145,2.819458,0.000095
1469.712000,-0.400588,0.115522,0.200006,1.350145,2.819458,0.000095
1469.712000,-0.400588,0.115522,0.200006,1.350145,2.819458,0.000095
1469.712000,-0.400588,0.115522,0.200006,1.350145,2.819458,0.000095
1469.712000,-0.400588,0.115522,0.200006,1.350145,2.819458,0.000095
1469.712000,-0.400588,0.115522,0.200006,1.350145,2.819458,0.000095
1469.712000,-0.400588,0.115522,0.200006,1.350145,2.819458,0.000095
1469.712000,-0.400588,0.115522,0.200006,1.350145,2.819458,0.000095
1469.712000,-0.400588,0.115522,0.200006,1.350145,2.819458,0.000095
1469.712000,-0.400588,0.115522,0.200006,1.350145,2.819458,0.000095
1469.712000,-0.400588,0.115522,0.200006,1.350145,2.819458,0.000095
1469.712000,-0.400588,0.115522,0.200006,1.350145,2.819458,0.000095
1469.712000,-0.400588,0.115522,0.200006,1.350145,2.819458,0.000095
1469.712000,-0.400588,0.115522,0.200006,1.350145,2.819458,0.000095
1469.712000,-0.400588,0.115522,0.200006,1.350145,2.819458,0.000095
1469.712000,-0.400588,0.115522,0.200006,1.350145,2.819458,0.000095
1469.712000,-0.400588,0.115522,0.200006,1.350145,2.819458,0.000095
1469.712000,-0.400588,0.115522,0.200006,1.350145,2.819458,0.000095
1469.712000,-0.400588,0.115522,0.200006,1.350145,2.819458,0.000095
1469.712000,-0.400588,0.115522,0.200006,1.350145,2.819458,0.000095
1469.712000,-0.400588,0.115522,0.200006,1.350145,2.819458,0.000095
1469.712000,-0.400588,0.115522,0.200006,1.350145,2.819458,0.000095
1469.712000,-0.400588,0.115522,0.200006,1.350145,2.819458,0.000095
1469.712000,-0.400588,0.115522,0.200006,1.350145,2.819458,0.000095
1469.712000,-0.400588,0.115522,0.200006,1.350145,2.819458,0.000095
1469.712000,-0.400588,0.115522,0.200006,1.350145,2.819458,0.000095
1469.712000,-0.400588,0.115522,0.200006,1.350145,2.819458,0.000095
1469.712000,-0.400588,0.115522,0.200006,1.350145,2.819458,0.000095
1469.712000,-0.400588,0.115522,0.200006,1.350145,2.819458,0.000095
1469.712000,-0.400588,0.115522,0.200006,1.350145,2.819458,0.000095
1469.712000,-0.400588,0.115522,0.200006,1.350145,2.819458,0.000095
1469.712000,-0.400588,0.115522,0.200006,1.350145,2.819458,0.000095
1469.712000,-0.400588,0.115522,0.200006,1.350145,2.819458,0.000095
1469.712000,-0.400588,0.115522,0.200006,1.350145,2.819458,0.000095
1469.712000,-0.400588,0.115522,0.200006,1.350145,2.819458,0.000095
1469.712000,-0.400588,0.115522,0.200006,1.350145,2.819458,0.000095
1469.712000,-0.400588,0.115522,0.200006,1.350145,2.819458,0.000095
1469.712000,-0.400588,0.115522,0.200006,1.350145,2.819458,0.000095
1469.712000,-0.400588,0.115522,0.200006,1.350145,2.819458,0.000095
1469.712000,-0.400588,0.115522,0.200006,1.350145,2.819458,0.000095
1469.712000,-0.400588,0.115522,0.200006,1.350145,2.819458,0.000095
1469.712000,-0.400588,0.115522,0.200006,1.350145,2.819458,0.000095
1469.712000,-0.400588,0.115522,0.200006,1.350145,2.819458,0.000095
1469.712000,-0.400588,0.115522,0.200006,1.350145,2.819458,0.000095
1469.712000,-0.400588,0.115522,0.200006,1.350145,2.819458,0.000095
1469.712000,-0.400588,0.115522,0.200006,1.350145,2.819458,0.000095
1469.712000,-0.400588,0.115522,0.200006,1.350145,2.819458,0.000095
1469.712000,-0.400588,0.115522,0.200006,1.350145,2.819458,0.000095
1469.712000,-0.400588,0.115522,0.200006,1.350145,2.819458,0.000095
1469.712000,-0.400588,0.115522,0.200006,1.350145,2.819458,0.000095
1469.712000,-0.400588,0.115522,0.200006,1.350145,2.819458,0.000095
1469.712000,-0.400588,0.115522,0.200006,1.350145,2.819458,0.000095
1469.712000,-0.400588,0.115522,0.200006,1.350145,2.819458,0.000095
1469.712000,-0.400588,0.115522,0.200006,1.350145,2.819458,0.000095
1469.712000,-0.400588,0.115522,0.200006,1.350145,2.819458,0.000095
1469.712000,-0.400588,0.115522,0.200006,1.350145,2.819458,0.000095
1469.712000,-0.400588,0.115522,0.200006,1.350145,2.819458,0.000095
1469.712000,-0.400588,0.115522,0.200006,1.350145,2.819458,0.000095
1469.712000,-0.400588,0.115522,0.200006,1.350145,2.819458,0.000095
1469.712000,-0.400588,0.115522,0.200006,1.350145,2.819458,0.000095
1469.712000,-0.400588,0.115522,0.200006,1.350145,2.819458,0.000095
1469.712000,-0.400588,0.115522,0.200006,1.350145,2.819458,0.000095
1469.712000,-0.400588,0.115522,0.200006,1.350145,2.819458,0.000095
1469.712000,-0.400588,0.115522,0.200006,1.350145,2.819458,0.000095
1469.712000,-0.400588,0.115522,0.200006,1.350145,2.819458,0.000095
1469.712000,-0.400588,0.115522,0.200006,1.350145,2.819458,0.000095
1469.712000,-0.400588,0.115522,0.200006,1.350145,2.819458,0.000095
1469.712000,-0.400588,0.115522,0.200006,1.350145,2.819458,0.000095
1469.712000,-0.400588,0.115522,0.200006,1.350145,2.819458,0.000095
1469.712000,-0.400588,0.115522,0.200006,1.350145,2.819458,0.000095
1469.712000,-0.400588,0.115522,0.200006,1.350145,2.819458,0.000095
1469.712000,-0.400588,0.115522,0.200006,1.350145,2.819458,0.000095
1469.712000,-0.400588,0.115522,0.200006,1.350145,2.819458,0.000095
1469.712000,-0.400588,0.115522,0.200006,1.350145,2.819458,0.000095
1469.712000,-0.400588,0.115522,0.200006,1.350145,2.819458,0.000095
1469.712000,-0.400588,0.115522,0.200006,1.350145,2.819458,0.000095
1469.712000,-0.400588,0.115522,0.200006,1.350145,2.819458,0.000095
1469.712000,-0.400588,0.115522,0.200006,1.350145,2.819458,0.000095
1469.712000,-0.400588,0.115522,0.200006,1.350145,2.819458,0.000095
1469.712000,-0.400588,0.115522,0.200006,1.350145,2.819458,0.000095
1469.712000,-0.400588,0.115522,0.200006,1.350145,2.819458,0.000095
1469.712000,-0.400588,0.115522,0.200006,1.350145,2.819458,0.000095
1469.712000,-0.400588,0.115522,0.200006,1.350145,2.819458,0.000095
1469.712000,-0.400588,0.115522,0.200006,1.350145,2.819458,0.000095
1469.712000,-0.400588,0.115522,0.200006,1.350145,2.819458,0.000095
1469.712000,-0.400588,0.115522,0.200006,1.350145,2.819458,0.000095
1469.712000,-0.400588,0.115522,0.200006,1.350145,2.819458,0.000095
1469.712000,-0.400588,0.115522,0.200006,1.350145,2.819458,0.000095
1469.712000,-0.400588,0.115522,0.200006,1.350145,2.819458,0.000095
1469.712000,-0.400588,0.115522,0.200006,1.350145,2.819458,0.000095
1469.712000,-0.400588,0.115522,0.200006,1.350145,2.819458,0.000095
1469.712000,-0.400588,0.115522,0.200006,1.350145,2.819458,0.000095
1469.712000,-0.400588,0.115522,0.200006,1.350145,2.819458,0.000095
1469.712000,-0.400588,0.115522,0.200006,1.350145,2.819458,0.000095
1469.712000,-0.400588,0.115522,0.200006,1.350145,2.819458,0.000095
1469.712000,-0.400588,0.115522,0.200006,1.350145,2.819458,0.000095
1469.712000,-0.400588,0.115522,0.200006,1.350145,2.819458,0.000095
1469.712000,-0.400588,0.115522,0.200006,1.350145,2.819458,0.000095
1469.712000,-0.400588,0.115522,0.200006,1.350145,2.819458,0.000095
1469.712000,-0.400588,0.115522,0.200006,1.350145,2.819458,0.000095
1469.712000,-0.400588,0.115522,0.200006,1.350145,2.819458,0.000095
1469.712000,-0.400588,0.115522,0.200006,1.350145,2.819458,0.000095
1469.712000,-0.400588,0.115522,0.200006,1.350145,2.819458,0.000095
1469.712000,-0.400588,0.115522,0.200006,1.350145,2.819458,0.000095
1469.712000,-0.400588,0.115522,0.200006,1.350145,2.819458,0.000095
1469.712000,-0.400588,0.115522,0.200006,1.350145,2.819458,0.000095
1469.712000,-0.400588,0.115522,0.200006,1.350145,2.819458,0.000095
1469.712000,-0.400588,0.115522,0.200006,1.350145,2.819458,0.000095
1469.712000,-0.400588,0.115522,0.200006,1.350145,2.819458,0.000095
1469.712000,-0.400588,0.115522,0.200006,1.350145,2.819458,0.000095
1469.712000,-0.400588,0.115522,0.200006,1.350145,2.819458,0.000095
1469.712000,-0.400588,0.115522,0.200006,1.350145,2.819458,0.000095
1469.712000,-0.400588,0.115522,0.200006,1.350145,2.819458,0.000095
1469.712000,-0.400588,0.115522,0.200006,1.350145,2.819458,0.000095
1469.712000,-0.400588,0.115522,0.200006,1.350145,2.819458,0.000095
1469.712000,-0.400588,0.115522,0.200006,1.350145,2.819458,0.000095
1469.712000,-0.400588,0.115522,0.200006,1.350145,2.819458,0.000095
1469.712000,-0.400588,0.115522,0.200006,1.350145,2.819458,0.000095
1469.712000,-0.400588,0.115522,0.200006,1.350145,2.819458,0.000095
1469.712000,-0.400588,0.115522,0.200006,1.350145,2.819458,0.000095
1469.712000,-0.400588,0.115522,0.200006,1.350145,2.819458,0.000095
1469.712000,-0.400588,0.115522,0.200006,1.350145,2.819458,0.000095
1469.712000,-0.400588,0.115522,0.200006,1.350145,2.819458,0.000095
1469.712000,-0.400588,0.115522,0.200006,1.350145,2.819458,0.000095
1469.712000,-0.400588,0.115522,0.200006,1.350145,2.819458,0.000095
1469.712000,-0.400588,0.115522,0.200006,1.350145,2.819458,0.000095
1469.712000,-0.400588,0.115522,0.200006,1.350145,2.819458,0.000095
1469.712000,-0.400588,0.115522,0.200006,1.350145,2.819458,0.000095
1469.712000,-0.400588,0.115522,0.200006,1.350145,2.819458,0.000095
1469.712000,-0.400588,0.115522,0.200006,1.350145,2.819458,0.000095
1469.712000,-0.400588,0.115522,0.200006,1.350145,2.819458,0.000095
1469.712000,-0.400588,0.115522,0.200006,1.350145,2.819458,0.000095
1469.712000,-0.400588,0.115522,0.200006,1.350145,2.819458,0.000095
1469.712000,-0.400588,0.115522,0.200006,1.350145,2.819458,0.000095
1469.712000,-0.400588,0.115522,0.200006,1.350145,2.819458,0.000095
1469.712000,-0.400588,0.115522,0.200006,1.350145,2.819458,0.000095
1469.712000,-0.400588,0.115522,0.200006,1.350145,2.819458,0.000095
1469.712000,-0.400588,0.115522,0.200006,1.350145,2.819458,0.000095
1469.712000,-0.400588,0.115522,0.200006,1.350145,2.819458,0.000095
1469.712000,-0.400588,0.115522,0.200006,1.350145,2.819458,0.000095
1469.712000,-0.400588,0.115522,0.200006,1.350145,2.819458,0.000095
1469.712000,-0.400588,0.115522,0.200006,1.350145,2.819458,0.000095
1469.712000,-0.400588,0.115522,0.200006,1.350145,2.819458,0.000095
1469.712000,-0.400588,0.115522,0.200006,1.350145,2.819458,0.000095
1469.712000,-0.400588,0.115522,0.200006,1.350145,2.819458,0.000095
1469.712000,-0.400588,0.115522,0.200006,1.350145,2.819458,0.000095
1469.712000,-0.400588,0.115522,0.200006,1.350145,2.819458,0.000095
1469.712000,-0.400588,0.115522,0.200006,1.350145,2.819458,0.000095
1469.712000,-0.400588,0.115522,0.200006,1.350145,2.819458,0.000095
1469.712000,-0.400588,0.115522,0.200006,1.350145,2.819458,0.000095
1469.712000,-0.400588,0.115522,0.200006,1.350145,2.819458,0.000095
1469.712000,-0.400588,0.115522,0.200006,1.350145,2.819458,0.000095
1469.712000,-0.400588,0.115522,0.200006,1.350145,2.819458,0.000095
1469.712000,-0.400588,0.115522,0.200006,1.350145,2.819458,0.000095
1469.712000,-0.400588,0.115522,0.200006,1.350145,2.819458,0.000095
1469.712000,-0.400588,0.115522,0.200006,1.350145,2.819458,0.000095
1469.712000,-0.400588,0.115522,0.200006,1.350145,2.819458,0.000095
1469.712000,-0.400588,0.115522,0.200006,1.350145,2.819458,0.000095
1469.712000,-0.400588,0.115522,0.200006,1.350145,2.819458,0.000095
1469.712000,-0.400588,0.115522,0.200006,1.350145,2.819458,0.000095
1469.712000,-0.400588,0.115522,0.200006,1.350145,2.819458,0.000095
1469.712000,-0.400588,0.115522,0.200006,1.350145,2.819458,0.000095
1469.712000,-0.400588,0.115522,0.200006,1.350145,2.819458,0.000095
1469.712000,-0.400588,0.115522,0.200006,1.350145,2.819458,0.000095
1469.712000,-0.400588,0.115522,0.200006,1.350145,2.819458,0.000095
1469.712000,-0.400588,0.115522,0.200006,1.350145,2.819458,0.000095
1469.712000,-0.400588,0.115522,0.200006,1.350145,2.819458,0.000095
1469.712000,-0.400588,0.115522,0.200006,1.350145,2.819458,0.000095
1469.712000,-0.400588,0.115522,0.200006,1.350145,2.819458,0.000095
1469.712000,-0.400588,0.115522,0.200006,1.350145,2.819458,0.000095
1469.712000,-0.400588,0.115522,0.200006,1.350145,2.819458,0.000095
1469.712000,-0.400588,0.115522,0.200006,1.350145,2.819458,0.000095
1469.712000,-0.400588,0.115522,0.200006,1.350145,2.819458,0.000095
1469.712000,-0.400588,0.115522,0.200006,1.350145,2.819458,0.000095
1469.712000,-0.400588,0.115522,0.200006,1.350145,2.819458,0.000095
1469.712000,-0.400588,0.115522,0.200006,1.350145,2.819458,0.000095
1469.712000,-0.400588,0.115522,0.200006,1.350145,2.819458,0.000095
1469.712000,-0.400588,0.115522,0.200006,1.350145,2.819458,0.000095
1469.712000,-0.400588,0.115522,0.200006,1.350145,2.819458,0.000095
1469.712000,-0.400588,0.115522,0.200006,1.350145,2.819458,0.000095
1469.712000,-0.400588,0.115522,0.200006,1.350145,2.819458,0.000095
1469.712000,-0.400588,0.115522,0.200006,1.350145,2.819458,0.000095
1469.712000,-0.400588,0.115522,0.200006,1.350145,2.819458,0.000095
1469.712000,-0.400588,0.115522,0.200006,1.350145,2.819458,0.000095
1469.712000,-0.400588,0.115522,0.200006,1.350145,2.819458,0.000095
1469.712000,-0.400588,0.115522,0.200006,1.350145,2.819458,0.000095
1469.712000,-0.400588,0.115522,0.200006,1.350145,2.819458,0.000095
1469.712000,-0.400588,0.115522,0.200006,1.350145,2.819458,0.000095
1469.712000,-0.400588,0.115522,0.200006,1.350145,2.819458,0.000095
1469.712000,-0.400588,0.115522,0.200006,1.350145,2.819458,0.000095
1469.712000,-0.400588,0.115522,0.200006,1.350145,2.819458,0.000095
1469.712000,-0.400588,0.115522,0.200006,1.350145,2.819458,0.000095
1469.712000,-0.400588,0.115522,0.200006,1.350145,2.819458,0.000095
1469.712000,-0.400588,0.115522,0.200006,1.350145,2.819458,0.000095
1469.712000,-0.400588,0.115522,0.200006,1.350145,2.819458,0.000095
1469.712000,-0.400588,0.115522,0.200006,1.350145,2.819458,0.000095
1469.712000,-0.400588,0.115522,0.200006,1.350145,2.819458,0.000095
1469.712000,-0.400588,0.115522,0.200006,1.350145,2.819458,0.000095
1469.712000,-0.400588,0.115522,0.200006,1.350145,2.819458,0.000095
1469.712000,-0.400588,0.115522,0.200006,1.350145,2.819458,0.000095
1469.712000,-0.400588,0.115522,0.200006,1.350145,2.819458,0.000095
1469.712000,-0.400588,0.115522,0.200006,1.350145,2.819458,0.000095
1469.712000,-0.400588,0.115522,0.200006,1.350145,2.819458,0.000095
1469.712000,-0.400588,0.115522,0.200006,1.350145,2.819458,0.000095
1469.712000,-0.400588,0.115522,0.200006,1.350145,2.819458,0.000095
1469.712000,-0.400588,0.115522,0.200006,1.350145,2.819458,0.000095
1469.712000,-0.400588,0.115522,0.200006,1.350145,2.819458,0.000095
1469.712000,-0.400588,0.115522,0.200006,1.350145,2.819458,0.000095
1469.712000,-0.400588,0.115522,0.200006,1.350145,2.819458,0.000095
1469.712000,-0.400588,0.115522,0.200006,1.350145,2.819458,0.000095
1469.712000,-0.400588,0.115522,0.200006,1.350145,2.819458,0.000095
1469.712000,-0.400588,0.115522,0.200006,1.350145,2.819458,0.000095
1469.712000,-0.400588,0.115522,0.200006,1.350145,2.819458,0.000095
1469.712000,-0.400588,0.115522,0.200006,1.350145,2.819458,0.000095
1469.712000,-0.400588,0.115522,0.200006,1.350145,2.819458,0.000095
1469.712000,-0.400588,0.115522,0.200006,1.350145,2.819458,0.000095
1469.712000,-0.400588,0.115522,0.200006,1.350145,2.819458,0.000095
1469.712000,-0.400588,0.115522,0.200006,1.350145,2.819458,0.000095
1469.712000,-0.400588,0.115522,0.200006,1.350145,2.819458,0.000095
1469.712000,-0.400588,0.115522,0.200006,1.350145,2.819458,0.000095
1469.712000,-0.400588,0.115522,0.200006,1.350145,2.819458,0.000095
1469.712000,-0.400588,0.115522,0.200006,1.350145,2.819458,0.000095
1469.712000,-0.400588,0.115522,0.200006,1.350145,2.819458,0.000095
1469.712000,-0.400588,0.115522,0.200006,1.350145,2.819458,0.000095
1469.712000,-0.400588,0.115522,0.200006,1.350145,2.819458,0.000095
1469.712000,-0.400588,0.115522,0.200006,1.350145,2.819458,0.000095
1469.712000,-0.400588,0.115522,0.200006,1.350145,2.819458,0.000095
1469.712000,-0.400588,0.115522,0.200006,1.350145,2.819458,0.000095
1469.712000,-0.400588,0.115522,0.200006,1.350145,2.819458,0.000095
1469.712000,-0.400588,0.115522,0.200006,1.350145,2.819458,0.000095
1469.712000,-0.400588,0.115522,0.200006,1.350145,2.819458,0.000095
1469.712000,-0.400588,0.115522,0.200006,1.350145,2.819458,0.000095
1469.712000,-0.400588,0.115522,0.200006,1.350145,2.819458,0.000095
1469.712000,-0.400588,0.115522,0.200006,1.350145,2.819458,0.000095
1469.712000,-0.400588,0.115522,0.200006,1.350145,2.819458,0.000095
1469.712000,-0.400588,0.115522,0.200006,1.350145,2.819458,0.000095
1469.712000,-0.400588,0.115522,0.200006,1.350145,2.819458,0.000095
1469.712000,-0.400588,0.115522,0.200006,1.350145,2.819458,0.000095
1469.712000,-0.400588,0.115522,0.200006,1.350145,2.819458,0.000095
1469.712000,-0.400588,0.115522,0.200006,1.350145,2.819458,0.000095
1469.712000,-0.400588,0.115522,0.200006,1.350145,2.819458,0.000095
1469.712000,-0.400588,0.115522,0.200006,1.350145,2.819458,0.000095
1469.712000,-0.400588,0.115522,0.200006,1.350145,2.819458,0.000095
1469.712000,-0.400588,0.115522,0.200006,1.350145,2.819458,0.000095
1469.712000,-0.400588,0.115522,0.200006,1.350145,2.819458,0.000095
1469.712000,-0.400588,0.115522,0.200006,1.350145,2.819458,0.000095
1469.712000,-0.400588,0.115522,0.200006,1.350145,2.819458,0.000095
1469.712000,-0.400588,0.115522,0.200006,1.350145,2.819458,0.000095
1469.712000,-0.400588,0.115522,0.200006,1.350145,2.819458,0.000095
1469.712000,-0.400588,0.115522,0.200006,1.350145,2.819458,0.000095
1469.712000,-0.400588,0.115522,0.200006,1.350145,2.819458,0.000095
1469.712000,-0.400588,0.115522,0.200006,1.350145,2.819458,0.000095
1469.712000,-0.400588,0.115522,0.200006,1.350145,2.819458,0.000095
1469.712000,-0.400588,0.115522,0.200006,1.350145,2.819458,0.000095
1469.712000,-0.400588,0.115522,0.200006,1.350145,2.819458,0.000095
1469.712000,-0.400588,0.115522,0.200006,1.350145,2.819458,0.000095
1469.712000,-0.400588,0.115522,0.200006,1.350145,2.819458,0.000095
1469.712000,-0.400588,0.115522,0.200006,1.350145,2.819458,0.000095
1469.712000,-0.400588,0.115522,0.200006,1.350145,2.819458,0.000095
1469.712000,-0.400588,0.115522,0.200006,1.350145,2.819458,0.000095
1469.712000,-0.400588,0.115522,0.200006,1.350145,2.819458,0.000095
1469.712000,-0.400588,0.115522,0.200006,1.350145,2.819458,0.000095
1469.712000,-0.400588,0.115522,0.200006,1.350145,2.819458,0.000095
1469.712000,-0.400588,0.115522,0.200006,1.350145,2.819458,0.000095
1469.712000,-0.400588,0.115522,0.200006,1.350145,2.819458,0.000095
1469.712000,-0.400588,0.115522,0.200006,1.350145,2.819458,0.000095
1469.712000,-0.400588,0.115522,0.200006,1.350145,2.819458,0.000095
1469.712000,-0.400588,0.115522,0.200006,1.350145,2.819458,0.000095
1469.712000,-0.400588,0.115522,0.200006,1.350145,2.819458,0.000095
1469.712000,-0.400588,0.115522,0.200006,1.350145,2.819458,0.000095
1469.712000,-0.400588,0.115522,0.200006,1.350145,2.819458,0.000095
1469.712000,-0.400588,0.115522,0.200006,1.350145,2.819458,0.000095
1469.712000,-0.400588,0.115522,0.200006,1.350145,2.819458,0.000095
1469.712000,-0.400588,0.115522,0.200006,1.350145,2.819458,0.000095
1469.712000,-0.400588,0.115522,0.200006,1.350145,2.819458,0.000095
1469.712000,-0.400588,0.115522,0.200006,1.350145,2.819458,0.000095
1469.712000,-0.400588,0.115522,0.200006,1.350145,2.819458,0.000095
1469.712000,-0.400588,0.115522,0.200006,1.350145,2.819458,0.000095
1469.712000,-0.400588,0.115522,0.200006,1.350145,2.819458,0.000095
1469.712000,-0.400588,0.115522,0.200006,1.350145,2.819458,0.000095
1469.712000,-0.400588,0.115522,0.200006,1.350145,2.819458,0.000095
1469.712000,-0.400588,0.115522,0.200006,1.350145,2.819458,0.000095
1469.712000,-0.400588,0.115522,0.200006,1.350145,2.819458,0.000095
1469.712000,-0.400588,0.115522,0.200006,1.350145,2.819458,0.000095
1469.712000,-0.400588,0.115522,0.200006,1.350145,2.819458,0.000095
1469.712000,-0.400588,0.115522,0.200006,1.350145,2.819458,0.000095
1469.712000,-0.400588,0.115522,0.200006,1.350145,2.819458,0.000095
1469.712000,-0.400588,0.115522,0.200006,1.350145,2.819458,0.000095
1469.712000,-0.400588,0.115522,0.200006,1.350145,2.819458,0.000095
1469.712000,-0.400588,0.115522,0.200006,1.350145,2.819458,0.000095
1469.712000,-0.400588,0.115522,0.200006,1.350145,2.819458,0.000095
1469.712000,-0.400588,0.115522,0.200006,1.350145,2.819458,0.000095
1469.712000,-0.400588,0.115522,0.200006,1.350145,2.819458,0.000095
1469.712000,-0.400588,0.115522,0.200006,1.350145,2.819458,0.000095
1469.712000,-0.400588,0.115522,0.200006,1.350145,2.819458,0.000095
1469.712000,-0.400588,0.115522,0.200006,1.350145,2.819458,0.000095
1469.712000,-0.400588,0.115522,0.200006,1.350145,2.819458,0.000095
1469.712000,-0.400588,0.115522,0.200006,1.350145,2.819458,0.000095
1469.712000,-0.400588,0.115522,0.200006,1.350145,2.819458,0.000095
1469.712000,-0.400588,0.115522,0.200006,1.350145,2.819458,0.000095
1469.712000,-0.400588,0.115522,0.200006,1.350145,2.819458,0.000095
1469.712000,-0.400588,0.115522,0.200006,1.350145,2.819458,0.000095
1469.712000,-0.400588,0.115522,0.200006,1.350145,2.819458,0.000095
1469.712000,-0.400588,0.115522,0.200006,1.350145,2.819458,0.000095
1469.712000,-0.400588,0.115522,0.200006,1.350145,2.819458,0.000095
1469.712000,-0.400588,0.115522,0.200006,1.350145,2.819458,0.000095
1469.712000,-0.400588,0.115522,0.200006,1.350145,2.819458,0.000095
1469.712000,-0.400588,0.115522,0.200006,1.350145,2.819458,0.000095
1469.712000,-0.400588,0.115522,0.200006,1.350145,2.819458,0.000095
1469.712000,-0.400588,0.115522,0.200006,1.350145,2.819458,0.000095
1469.712000,-0.400588,0.115522,0.200006,1.350145,2.819458,0.000095
1469.712000,-0.400588,0.115522,0.200006,1.350145,2.819458,0.000095
1469.712000,-0.400588,0.115522,0.200006,1.350145,2.819458,0.000095
1469.712000,-0.400588,0.115522,0.200006,1.350145,2.819458,0.000095
1469.712000,-0.400588,0.115522,0.200006,1.350145,2.819458,0.000095
1469.712000,-0.400588,0.115522,0.200006,1.350145,2.819458,0.000095
1469.712000,-0.400588,0.115522,0.200006,1.350145,2.819458,0.000095
1469.712000,-0.400588,0.115522,0.200006,1.350145,2.819458,0.000095
1469.712000,-0.400588,0.115522,0.200006,1.350145,2.819458,0.000095
1469.712000,-0.400588,0.115522,0.200006,1.350145,2.819458,0.000095
1469.712000,-0.400588,0.115522,0.200006,1.350145,2.819458,0.000095
1469.712000,-0.400588,0.115522,0.200006,1.350145,2.819458,0.000095
1469.712000,-0.400588,0.115522,0.200006,1.350145,2.819458,0.000095
1469.712000,-0.400588,0.115522,0.200006,1.350145,2.819458,0.000095
1469.712000,-0.400588,0.115522,0.200006,1.350145,2.819458,0.000095
1469.712000,-0.400588,0.115522,0.200006,1.350145,2.819458,0.000095
1469.712000,-0.400588,0.115522,0.200006,1.350145,2.819458,0.000095
1469.712000,-0.400588,0.115522,0.200006,1.350145,2.819458,0.000095
1469.712000,-0.400588,0.115522,0.200006,1.350145,2.819458,0.000095
1469.712000,-0.400588,0.115522,0.200006,1.350145,2.819458,0.000095
1469.712000,-0.400588,0.115522,0.200006,1.350145,2.819458,0.000095
1469.712000,-0.400588,0.115522,0.200006,1.350145,2.819458,0.000095
1469.712000,-0.400588,0.115522,0.200006,1.350145,2.819458,0.000095
1469.712000,-0.400588,0.115522,0.200006,1.350145,2.819458,0.000095
1469.712000,-0.400588,0.115522,0.200006,1.350145,2.819458,0.000095
1469.712000,-0.400588,0.115522,0.200006,1.350145,2.819458,0.000095
1469.712000,-0.400588,0.115522,0.200006,1.350145,2.819458,0.000095
1469.712000,-0.400588,0.115522,0.200006,1.350145,2.819458,0.000095
1469.712000,-0.400588,0.115522,0.200006,1.350145,2.819458,0.000095
1469.712000,-0.400588,0.115522,0.200006,1.350145,2.819458,0.000095
1469.712000,-0.400588,0.115522,0.200006,1.350145,2.819458,0.000095
1469.712000,-0.400588,0.115522,0.200006,1.350145,2.819458,0.000095
1469.712000,-0.400588,0.115522,0.200006,1.350145,2.819458,0.000095
1469.712000,-0.400588,0.115522,0.200006,1.350145,2.819458,0.000095
1469.712000,-0.400588,0.115522,0.200006,1.350145,2.819458,0.000095
1469.712000,-0.400588,0.115522,0.200006,1.350145,2.819458,0.000095
1469.712000,-0.400588,0.115522,0.200006,1.350145,2.819458,0.000095
1469.712000,-0.400588,0.115522,0.200006,1.350145,2.819458,0.000095
1469.712000,-0.400588,0.115522,0.200006,1.350145,2.819458,0.000095
1469.712000,-0.400588,0.115522,0.200006,1.350145,2.819458,0.000095
1469.712000,-0.400588,0.115522,0.200006,1.350145,2.819458,0.000095
1469.712000,-0.400588,0.115522,0.200006,1.350145,2.819458,0.000095
1469.712000,-0.400588,0.115522,0.200006,1.350145,2.819458,0.000095
1469.712000,-0.400588,0.115522,0.200006,1.350145,2.819458,0.000095
1469.712000,-0.400588,0.115522,0.200006,1.350145,2.819458,0.000095
1469.712000,-0.400588,0.115522,0.200006,1.350145,2.819458,0.000095
1469.712000,-0.400588,0.115522,0.200006,1.350145,2.819458,0.000095
1469.712000,-0.400588,0.115522,0.200006,1.350145,2.819458,0.000095
1469.712000,-0.400588,0.115522,0.200006,1.350145,2.819458,0.000095
1469.712000,-0.400588,0.115522,0.200006,1.350145,2.819458,0.000095
1469.712000,-0.400588,0.115522,0.200006,1.350145,2.819458,0.000095
1469.712000,-0.400588,0.115522,0.200006,1.350145,2.819458,0.000095
1469.712000,-0.400588,0.115522,0.200006,1.350145,2.819458,0.000095
1469.712000,-0.400588,0.115522,0.200006,1.350145,2.819458,0.000095
1469.712000,-0.400588,0.115522,0.200006,1.350145,2.819458,0.000095
1469.712000,-0.400588,0.115522,0.200006,1.350145,2.819458,0.000095
1469.712000,-0.400588,0.115522,0.200006,1.350145,2.819458,0.000095
1469.712000,-0.400588,0.115522,0.200006,1.350145,2.819458,0.000095
1469.712000,-0.400588,0.115522,0.200006,1.350145,2.819458,0.000095
1469.712000,-0.400588,0.115522,0.200006,1.350145,2.819458,0.000095
1469.712000,-0.400588,0.115522,0.200006,1.350145,2.819458,0.000095
1469.712000,-0.400588,0.115522,0.200006,1.350145,2.819458,0.000095
1469.712000,-0.400588,0.115522,0.200006,1.350145,2.819458,0.000095
1469.712000,-0.400588,0.115522,0.200006,1.350145,2.819458,0.000095
1469.712000,-0.400588,0.115522,0.200006,1.350145,2.819458,0.000095
1469.712000,-0.400588,0.115522,0.200006,1.350145,2.819458,0.000095
1469.712000,-0.400588,0.115522,0.200006,1.350145,2.819458,0.000095
1469.712000,-0.400588,0.115522,0.200006,1.350145,2.819458,0.000095
1469.712000,-0.400588,0.115522,0.200006,1.350145,2.819458,0.000095
1469.712000,-0.400588,0.115522,0.200006,1.350145,2.819458,0.000095
1469.712000,-0.400588,0.115522,0.200006,1.350145,2.819458,0.000095
1469.712000,-0.400588,0.115522,0.200006,1.350145,2.819458,0.000095
1469.712000,-0.400588,0.115522,0.200006,1.350145,2.819458,0.000095
1469.712000,-0.400588,0.115522,0.200006,1.350145,2.819458,0.000095
1469.712000,-0.400588,0.115522,0.200006,1.350145,2.819458,0.000095
1469.712000,-0.400588,0.115522,0.200006,1.350145,2.819458,0.000095
1469.712000,-0.400588,0.115522,0.200006,1.350145,2.819458,0.000095
1469.712000,-0.400588,0.115522,0.200006,1.350145,2.819458,0.000095
1469.712000,-0.400588,0.115522,0.200006,1.350145,2.819458,0.000095
1469.712000,-0.400588,0.115522,0.200006,1.350145,2.819458,0.000095
1469.712000,-0.400588,0.115522,0.200006,1.350145,2.819458,0.000095
1469.712000,-0.400588,0.115522,0.200006,1.350145,2.819458,0.000095
1469.712000,-0.400588,0.115522,0.200006,1.350145,2.819458,0.000095
1469.712000,-0.400588,0.115522,0.200006,1.350145,2.819458,0.000095
1469.712000,-0.400588,0.115522,0.200006,1.350145,2.819458,0.000095
1469.712000,-0.400588,0.115522,0.200006,1.350145,2.819458,0.000095
1469.712000,-0.400588,0.115522,0.200006,1.350145,2.819458,0.000095
1469.712000,-0.400588,0.115522,0.200006,1.350145,2.819458,0.000095
1469.712000,-0.400588,0.115522,0.200006,1.350145,2.819458,0.000095
1469.712000,-0.400588,0.115522,0.200006,1.350145,2.819458,0.000095
1469.712000,-0.400588,0.115522,0.200006,1.350145,2.819458,0.000095
1469.712000,-0.400588,0.115522,0.200006,1.350145,2.819458,0.000095
1469.712000,-0.400588,0.115522,0.200006,1.350145,2.819458,0.000095
1469.712000,-0.400588,0.115522,0.200006,1.350145,2.819458,0.000095
1469.712000,-0.400588,0.115522,0.200006,1.350145,2.819458,0.000095
1469.712000,-0.400588,0.115522,0.200006,1.350145,2.819458,0.000095
1469.712000,-0.400588,0.115522,0.200006,1.350145,2.819458,0.000095
1469.712000,-0.400588,0.115522,0.200006,1.350145,2.819458,0.000095
1469.712000,-0.400588,0.115522,0.200006,1.350145,2.819458,0.000095
1469.712000,-0.400588,0.115522,0.200006,1.350145,2.819458,0.000095
1469.712000,-0.400588,0.115522,0.200006,1.350145,2.819458,0.000095
1469.712000,-0.400588,0.115522,0.200006,1.350145,2.819458,0.000095
1469.712000,-0.400588,0.115522,0.200006,1.350145,2.819458,0.000095
1469.712000,-0.400588,0.115522,0.200006,1.350145,2.819458,0.000095
1469.712000,-0.400588,0.115522,0.200006,1.350145,2.819458,0.000095
1469.712000,-0.400588,0.115522,0.200006,1.350145,2.819458,0.000095
1469.712000,-0.400588,0.115522,0.200006,1.350145,2.819458,0.000095
1469.712000,-0.400588,0.115522,0.200006,1.350145,2.819458,0.000095
1469.712000,-0.400588,0.115522,0.200006,1.350145,2.819458,0.000095
1469.712000,-0.400588,0.115522,0.200006,1.350145,2.819458,0.000095
1469.712000,-0.400588,0.115522,0.200006,1.350145,2.819458,0.000095
1469.712000,-0.400588,0.115522,0.200006,1.350145,2.819458,0.000095
1469.712000,-0.400588,0.115522,0.200006,1.350145,2.819458,0.000095
1469.712000,-0.400588,0.115522,0.200006,1.350145,2.819458,0.000095
1469.712000,-0.400588,0.115522,0.200006,1.350145,2.819458,0.000095
1469.712000,-0.400588,0.115522,0.200006,1.350145,2.819458,0.000095
1469.712000,-0.400588,0.115522,0.200006,1.350145,2.819458,0.000095
1469.712000,-0.400588,0.115522,0.200006,1.350145,2.819458,0.000095
1469.712000,-0.400588,0.115522,0.200006,1.350145,2.819458,0.000095
1469.712000,-0.400588,0.115522,0.200006,1.350145,2.819458,0.000095
1469.712000,-0.400588,0.115522,0.200006,1.350145,2.819458,0.000095
1469.712000,-0.400588,0.115522,0.200006,1.350145,2.819458,0.000095
1469.712000,-0.400588,0.115522,0.200006,1.350145,2.819458,0.000095
1469.712000,-0.400588,0.115522,0.200006,1.350145,2.819458,0.000095
1469.712000,-0.400588,0.115522,0.200006,1.350145,2.819458,0.000095
1469.712000,-0.400588,0.115522,0.200006,1.350145,2.819458,0.000095
1469.712000,-0.400588,0.115522,0.200006,1.350145,2.819458,0.000095
1469.712000,-0.400588,0.115522,0.200006,1.350145,2.819458,0.000095
1469.712000,-0.400588,0.115522,0.200006,1.350145,2.819458,0.000095
1469.712000,-0.400588,0.115522,0.200006,1.350145,2.819458,0.000095
1469.712000,-0.400588,0.115522,0.200006,1.350145,2.819458,0.000095
1469.712000,-0.400588,0.115522,0.200006,1.350145,2.819458,0.000095
1469.712000,-0.400588,0.115522,0.200006,1.350145,2.819458,0.000095
1469.712000,-0.400588,0.115522,0.200006,1.350145,2.819458,0.000095
1469.712000,-0.400588,0.115522,0.200006,1.350145,2.819458,0.000095
1469.712000,-0.400588,0.115522,0.200006,1.350145,2.819458,0.000095
1469.712000,-0.400588,0.115522,0.200006,1.350145,2.819458,0.000095
1469.712000,-0.400588,0.115522,0.200006,1.350145,2.819458,0.000095
1469.712000,-0.400588,0.115522,0.200006,1.350145,2.819458,0.000095
1469.712000,-0.400588,0.115522,0.200006,1.350145,2.819458,0.000095
1469.712000,-0.400588,0.115522,0.200006,1.350145,2.819458,0.000095
1469.712000,-0.400588,0.115522,0.200006,1.350145,2.819458,0.000095
1469.712000,-0.400588,0.115522,0.200006,1.350145,2.819458,0.000095
1469.712000,-0.400588,0.115522,0.200006,1.350145,2.819458,0.000095
1469.712000,-0.400588,0.115522,0.200006,1.350145,2.819458,0.000095
1469.712000,-0.400588,0.115522,0.200006,1.350145,2.819458,0.000095
1469.712000,-0.400588,0.115522,0.200006,1.350145,2.819458,0.000095
1469.712000,-0.400588,0.115522,0.200006,1.350145,2.819458,0.000095
1469.712000,-0.400588,0.115522,0.200006,1.350145,2.819458,0.000095
1469.712000,-0.400588,0.115522,0.200006,1.350145,2.819458,0.000095
1469.712000,-0.400588,0.115522,0.200006,1.350145,2.819458,0.000095
1469.712000,-0.400588,0.115522,0.200006,1.350145,2.819458,0.000095
1469.712000,-0.400588,0.115522,0.200006,1.350145,2.819458,0.000095
1469.712000,-0.400588,0.115522,0.200006,1.350145,2.819458,0.000095
1469.712000,-0.400588,0.115522,0.200006,1.350145,2.819458,0.000095
1469.712000,-0.400588,0.115522,0.200006,1.350145,2.819458,0.000095
1469.712000,-0.400588,0.115522,0.200006,1.350145,2.819458,0.000095
1469.712000,-0.400588,0.115522,0.200006,1.350145,2.819458,0.000095
1469.712000,-0.400588,0.115522,0.200006,1.350145,2.819458,0.000095
1469.712000,-0.400588,0.115522,0.200006,1.350145,2.819458,0.000095
1469.712000,-0.400588,0.115522,0.200006,1.350145,2.819458,0.000095
1469.712000,-0.400588,0.115522,0.200006,1.350145,2.819458,0.000095
1469.712000,-0.400588,0.115522,0.200006,1.350145,2.819458,0.000095
1469.712000,-0.400588,0.115522,0.200006,1.350145,2.819458,0.000095
1469.712000,-0.400588,0.115522,0.200006,1.350145,2.819458,0.000095
1469.712000,-0.400588,0.115522,0.200006,1.350145,2.819458,0.000095
1469.712000,-0.400588,0.115522,0.200006,1.350145,2.819458,0.000095
1469.712000,-0.400588,0.115522,0.200006,1.350145,2.819458,0.000095
1469.712000,-0.400588,0.115522,0.200006,1.350145,2.819458,0.000095
1469.712000,-0.400588,0.115522,0.200006,1.350145,2.819458,0.000095
1469.712000,-0.400588,0.115522,0.200006,1.350145,2.819458,0.000095
1469.712000,-0.400588,0.115522,0.200006,1.350145,2.819458,0.000095
1469.712000,-0.400588,0.115522,0.200006,1.350145,2.819458,0.000095
1469.712000,-0.400588,0.115522,0.200006,1.350145,2.819458,0.000095
1469.712000,-0.400588,0.115522,0.200006,1.350145,2.819458,0.000095
1469.712000,-0.400588,0.115522,0.200006,1.350145,2.819458,0.000095
1469.712000,-0.400588,0.115522,0.200006,1.350145,2.819458,0.000095
1469.712000,-0.400588,0.115522,0.200006,1.350145,2.819458,0.000095
1469.712000,-0.400588,0.115522,0.200006,1.350145,2.819458,0.000095
1469.712000,-0.400588,0.115522,0.200006,1.350145,2.819458,0.000095
1469.712000,-0.400588,0.115522,0.200006,1.350145,2.819458,0.000095
1469.712000,-0.400588,0.115522,0.200006,1.350145,2.819458,0.000095
1469.712000,-0.400588,0.115522,0.200006,1.350145,2.819458,0.000095
1469.712000,-0.400588,0.115522,0.200006,1.350145,2.819458,0.000095
1469.712000,-0.400588,0.115522,0.200006,1.350145,2.819458,0.000095
1469.712000,-0.400588,0.115522,0.200006,1.350145,2.819458,0.000095
1469.712000,-0.400588,0.115522,0.200006,1.350145,2.819458,0.000095
1469.712000,-0.400588,0.115522,0.200006,1.350145,2.819458,0.000095
1469.712000,-0.400588,0.115522,0.200006,1.350145,2.819458,0.000095
1469.712000,-0.400588,0.115522,0.200006,1.350145,2.819458,0.000095
1469.712000,-0.400588,0.115522,0.200006,1.350145,2.819458,0.000095
1469.712000,-0.400588,0.115522,0.200006,1.350145,2.819458,0.000095
1469.712000,-0.400588,0.115522,0.200006,1.350145,2.819458,0.000095
1469.712000,-0.400588,0.115522,0.200006,1.350145,2.819458,0.000095
1469.712000,-0.400588,0.115522,0.200006,1.350145,2.819458,0.000095
1469.712000,-0.400588,0.115522,0.200006,1.350145,2.819458,0.000095
1469.712000,-0.400588,0.115522,0.200006,1.350145,2.819458,0.000095
1469.712000,-0.400588,0.115522,0.200006,1.350145,2.819458,0.000095
1469.712000,-0.400588,0.115522,0.200006,1.350145,2.819458,0.000095
1469.712000,-0.400588,0.115522,0.200006,1.350145,2.819458,0.000095
1469.712000,-0.400588,0.115522,0.200006,1.350145,2.819458,0.000095
1469.712000,-0.400588,0.115522,0.200006,1.350145,2.819458,0.000095
1469.712000,-0.400588,0.115522,0.200006,1.350145,2.819458,0.000095
1469.712000,-0.400588,0.115522,0.200006,1.350145,2.819458,0.000095
1469.712000,-0.400588,0.115522,0.200006,1.350145,2.819458,0.000095
1469.712000,-0.400588,0.115522,0.200006,1.350145,2.819458,0.000095
1469.712000,-0.400588,0.115522,0.200006,1.350145,2.819458,0.000095
1469.712000,-0.400588,0.115522,0.200006,1.350145,2.819458,0.000095
1469.712000,-0.400588,0.115522,0.200006,1.350145,2.819458,0.000095
1469.712000,-0.400588,0.115522,0.200006,1.350145,2.819458,0.000095
1469.712000,-0.400588,0.115522,0.200006,1.350145,2.819458,0.000095
1469.712000,-0.400588,0.115522,0.200006,1.350145,2.819458,0.000095
1469.712000,-0.400588,0.115522,0.200006,1.350145,2.819458,0.000095
1469.712000,-0.400588,0.115522,0.200006,1.350145,2.819458,0.000095
1469.712000,-0.400588,0.115522,0.200006,1.350145,2.819458,0.000095
1469.712000,-0.400588,0.115522,0.200006,1.350145,2.819458,0.000095
1469.712000,-0.400588,0.115522,0.200006,1.350145,2.819458,0.000095
1469.712000,-0.400588,0.115522,0.200006,1.350145,2.819458,0.000095
1469.712000,-0.400588,0.115522,0.200006,1.350145,2.819458,0.000095
1469.712000,-0.400588,0.115522,0.200006,1.350145,2.819458,0.000095
1469.712000,-0.400588,0.115522,0.200006,1.350145,2.819458,0.000095
1469.712000,-0.400588,0.115522,0.200006,1.350145,2.819458,0.000095
1469.712000,-0.400588,0.115522,0.200006,1.350145,2.819458,0.000095
1469.712000,-0.400588,0.115522,0.200006,1.350145,2.819458,0.000095
1469.712000,-0.400588,0.115522,0.200006,1.350145,2.819458,0.000095
1469.712000,-0.400588,0.115522,0.200006,1.350145,2.819458,0.000095
1469.712000,-0.400588,0.115522,0.200006,1.350145,2.819458,0.000095
1469.712000,-0.400588,0.115522,0.200006,1.350145,2.819458,0.000095
1469.712000,-0.400588,0.115522,0.200006,1.350145,2.819458,0.000095
1469.712000,-0.400588,0.115522,0.200006,1.350145,2.819458,0.000095
1469.712000,-0.400588,0.115522,0.200006,1.350145,2.819458,0.000095
1469.712000,-0.400588,0.115522,0.200006,1.350145,2.819458,0.000095
1469.712000,-0.400588,0.115522,0.200006,1.350145,2.819458,0.000095
1469.712000,-0.400588,0.115522,0.200006,1.350145,2.819458,0.000095
1469.712000,-0.400588,0.115522,0.200006,1.350145,2.819458,0.000095
1469.712000,-0.400588,0.115522,0.200006,1.350145,2.819458,0.000095
1469.712000,-0.400588,0.115522,0.200006,1.350145,2.819458,0.000095
